Date,"GME","AMC","NIO","TSLA","AAPL","NVDA","RBLX","AMZN","HOOD","PLTR","PYPL","TWTR","XOM","COP"
2022-07-05 08:00:00.001910-05:00,87,158,72,439,160,124,52,105,13,29,25,46,47,3
2022-07-05 09:00:00.000037-05:00,113,118,65,383,171,133,116,153,13,36,39,26,32,7
2022-07-05 10:00:00.002789-05:00,91,132,49,248,108,65,72,109,11,22,8,24,45,10
2022-07-05 11:00:00.003261-05:00,94,147,76,317,128,74,87,128,12,34,11,22,37,11
2022-07-05 12:00:00.000011-05:00,65,111,48,303,108,71,118,102,10,23,32,13,34,11
2022-07-05 13:00:00.000014-05:00,93,138,47,270,133,64,77,123,10,44,15,26,32,11
2022-07-05 14:00:00.000043-05:00,82,128,38,242,106,39,64,105,9,27,16,19,25,8
2022-07-05 15:00:00.000002-05:00,74,122,34,264,102,71,56,94,11,20,21,10,27,5
2022-07-05 16:00:00.000026-05:00,48,94,31,168,76,49,45,62,8,20,12,12,21,10
2022-07-05 17:00:00.000298-05:00,39,93,22,133,66,38,34,49,5,14,6,5,15,5
2022-07-05 18:00:00.000042-05:00,47,90,23,132,55,29,16,44,7,14,8,4,10,2
2022-07-05 19:00:00.000019-05:00,48,83,23,116,53,25,25,48,9,17,10,9,14,6
2022-07-05 20:00:00.001373-05:00,35,72,38,115,58,25,21,38,5,12,10,2,13,2
2022-07-05 21:00:00.000038-05:00,40,70,32,108,46,37,26,35,13,10,3,4,11,3
2022-07-05 22:00:00.000010-05:00,31,40,22,64,41,19,9,22,8,14,5,10,9,7
2022-07-05 23:00:00.000030-05:00,24,44,22,95,50,26,47,32,3,13,14,11,14,3
2022-07-06 00:00:00.000016-05:00,13,31,22,75,30,18,8,20,7,5,7,10,9,4
2022-07-06 01:00:00.000024-05:00,28,35,28,60,38,21,10,29,4,10,5,8,9,8
2022-07-06 02:00:00.000001-05:00,13,26,35,35,34,20,4,28,2,8,8,7,9,2
2022-07-06 03:00:00.020677-05:00,31,51,43,61,47,21,8,38,1,14,12,12,13,3
2022-07-06 04:00:00.020732-05:00,23,30,33,79,44,27,5,55,1,15,9,19,23,3
2022-07-06 05:00:00.013800-05:00,23,48,25,100,60,27,6,48,8,15,7,14,18,8
2022-07-06 06:00:00.014007-05:00,41,64,43,125,74,43,14,64,7,9,11,18,12,7
2022-07-06 07:00:00.013982-05:00,45,70,28,164,132,34,26,93,5,15,13,8,22,9
2022-07-06 08:00:00.017158-05:00,87,134,78,277,194,81,40,180,24,27,16,30,26,11
2022-07-06 09:00:00.000138-05:00,91,153,84,243,190,76,25,124,23,20,21,32,43,8
2022-07-06 10:00:00.000108-05:00,78,129,66,216,141,63,21,95,14,17,13,35,45,11
2022-07-06 11:00:00.014160-05:00,77,122,60,229,140,46,14,92,13,16,18,25,42,4
2022-07-06 12:00:00.000021-05:00,80,100,49,178,137,44,7,85,11,19,19,28,31,11
2022-07-06 13:00:00.013881-05:00,77,91,49,210,152,42,16,92,21,27,15,22,22,6
2022-07-06 14:00:00.009643-05:00,60,112,45,230,135,42,18,83,12,19,9,22,27,7
2022-07-06 15:00:00.014585-05:00,701,125,50,219,160,62,15,95,7,19,16,19,32,3
2022-07-06 16:00:00.013701-05:00,342,86,28,126,81,27,3,61,7,14,10,12,17,3
2022-07-06 17:00:00.004257-05:00,222,94,20,137,67,23,6,61,5,16,6,10,12,3
2022-07-06 18:00:00.014675-05:00,163,62,11,88,42,25,9,31,4,10,11,14,13,2
2022-07-06 19:00:00.014657-05:00,138,86,21,133,76,20,11,49,4,5,5,10,13,3
2022-07-06 20:00:00.000002-05:00,108,85,33,146,56,29,12,50,7,12,4,10,15,6
2022-07-06 21:00:00.005174-05:00,120,65,19,103,58,21,13,36,7,12,5,10,9,3
2022-07-06 22:00:00.002018-05:00,78,46,13,77,38,26,2,21,2,21,10,11,9,5
2022-07-06 23:00:00.000967-05:00,66,39,10,71,33,23,6,19,5,9,4,8,10,4
2022-07-07 00:00:00.001927-05:00,49,37,16,51,18,11,3,25,3,7,3,3,8,2
2022-07-07 01:00:00.005611-05:00,49,16,12,43,15,7,3,14,6,3,3,6,4,3
2022-07-07 02:00:00.000017-05:00,36,18,14,30,17,8,3,8,0,4,4,3,3,1
2022-07-07 03:00:00.000027-05:00,67,33,14,48,24,10,2,11,5,6,1,1,2,3
2022-07-07 04:00:00.000006-05:00,54,22,12,57,33,8,2,16,3,4,3,9,6,0
2022-07-07 05:00:00.000068-05:00,66,27,19,74,45,18,1,14,11,18,5,10,2,2
2022-07-07 06:00:00.069281-05:00,107,88,33,94,47,26,4,29,5,11,8,16,6,7
2022-07-07 07:00:00.019529-05:00,168,83,65,157,78,63,17,54,8,17,8,19,14,4
2022-07-07 08:00:00.000584-05:00,293,295,112,356,184,98,26,98,15,34,16,21,34,7
2022-07-07 10:00:00.000280-05:00,212,339,75,287,136,61,25,130,24,20,13,67,35,8
2022-07-07 11:00:00.000015-05:00,279,373,76,348,131,75,25,107,18,32,5,50,24,5
2022-07-07 12:00:00.046420-05:00,216,384,65,336,145,68,19,86,24,28,18,38,18,5
2022-07-07 13:00:00.000026-05:00,193,383,44,228,122,70,22,86,11,18,9,33,11,3
2022-07-07 14:00:00.008348-05:00,183,297,43,216,118,71,25,100,16,17,13,40,21,2
2022-07-07 15:00:00.044634-05:00,509,291,39,264,102,62,19,68,5,15,7,164,22,3
2022-07-07 16:00:00.001727-05:00,289,141,29,214,77,45,16,59,3,10,4,174,14,2
2022-07-07 17:00:00.000078-05:00,152,115,41,198,61,47,15,50,4,13,13,86,7,2
2022-07-07 18:00:00.017797-05:00,109,101,15,128,46,23,12,31,4,3,9,58,5,0
2022-07-07 19:00:00.001654-05:00,91,96,30,112,54,19,8,28,2,10,8,30,3,1
2022-07-07 20:00:00.000013-05:00,53,87,15,105,43,20,14,23,9,6,5,38,10,1
2022-07-07 21:00:00.004897-05:00,47,98,16,108,47,23,8,28,11,10,6,36,12,2
2022-07-07 22:00:00.004673-05:00,33,52,13,65,28,8,4,17,3,11,3,27,0,2
2022-07-07 23:00:00.006337-05:00,30,51,15,48,27,13,5,14,8,11,6,20,9,5
2022-07-08 00:00:00.054674-05:00,25,44,12,42,24,8,2,14,0,4,3,18,7,3
2022-07-08 01:00:00.005764-05:00,28,34,15,56,22,11,4,18,6,7,6,21,8,2
2022-07-08 02:00:00.007460-05:00,22,18,11,31,17,7,4,17,3,2,3,5,3,0
2022-07-08 03:00:00.054816-05:00,22,30,8,61,23,9,4,8,1,4,4,13,2,5
2022-07-08 04:00:00.010531-05:00,30,28,7,56,25,9,2,11,2,0,3,24,6,1
2022-07-08 05:00:00.005069-05:00,46,48,37,86,33,13,1,21,6,9,3,49,4,6
2022-07-08 06:00:00.006261-05:00,92,102,33,151,57,16,8,20,4,10,6,49,10,2
2022-07-08 07:00:00.006105-05:00,113,119,29,159,78,38,12,43,7,10,13,77,14,7
2022-07-08 08:00:00.007010-05:00,173,184,52,250,99,53,84,66,9,9,18,108,17,11
2022-07-08 09:00:00.004509-05:00,165,400,90,629,151,50,196,86,25,26,27,89,16,5
2022-07-08 10:00:00.009101-05:00,148,422,50,408,131,70,123,91,10,26,13,85,14,3
2022-07-08 11:00:00.000240-05:00,113,266,53,306,108,54,64,60,10,23,11,51,16,2
2022-07-08 12:00:00.000047-05:00,96,172,29,255,103,44,45,61,8,14,14,42,9,4
2022-07-08 13:00:00.001385-05:00,123,185,35,213,99,38,47,43,11,16,3,30,8,2
2022-07-08 17:00:00.006418-05:00,55,76,22,645,44,12,19,26,2,7,6,945,3,4
2022-07-08 18:00:00.039903-05:00,42,64,13,310,48,18,13,16,3,9,7,351,2,2
2022-07-08 19:00:00.000015-05:00,33,56,21,233,45,10,17,23,5,17,5,239,5,3
2022-07-08 20:00:00.006166-05:00,34,86,12,166,30,9,7,13,1,9,3,175,8,0
2022-07-08 21:00:00.000043-05:00,27,42,15,148,32,12,7,17,2,9,3,134,11,3
2022-07-08 22:00:00.022226-05:00,22,37,7,112,25,11,4,15,5,5,6,73,5,2
2022-07-08 23:00:00.001839-05:00,18,37,3,95,13,5,6,13,3,6,3,94,3,1
2022-07-09 00:00:00.003971-05:00,22,20,12,86,22,7,4,7,6,5,3,62,4,3
2022-07-09 01:00:00.000027-05:00,19,16,4,73,18,8,4,12,5,4,3,61,3,1
2022-07-09 02:00:00.001683-05:00,10,20,8,67,14,5,2,6,1,3,6,49,3,0
2022-07-09 03:00:00.040274-05:00,13,14,1,53,16,3,3,3,0,2,2,38,0,1
2022-07-09 04:00:00.006714-05:00,14,18,6,48,18,5,11,8,3,2,2,39,4,1
2022-07-09 05:00:00.001361-05:00,17,18,17,61,23,14,4,10,6,8,3,51,2,3
2022-07-09 06:00:00.022250-05:00,23,20,25,86,36,10,9,9,9,3,3,51,7,4
2022-07-09 07:00:00.022668-05:00,17,28,14,83,26,9,89,8,4,3,5,74,3,0
2022-07-09 08:00:00.002601-05:00,18,41,13,104,27,9,6,21,3,9,7,73,3,5
2022-07-09 09:00:00.000022-05:00,44,62,13,123,35,6,6,29,3,7,7,99,5,4
2022-07-09 10:00:00.000131-05:00,39,51,16,133,61,18,2,48,1,9,3,100,10,1
2022-07-09 11:00:00.000039-05:00,43,60,11,129,48,20,6,24,4,9,8,91,7,2
2022-07-09 12:00:00.000039-05:00,37,57,27,231,30,15,6,16,4,5,9,65,5,3
2022-07-09 13:00:00.046660-05:00,35,48,23,90,29,5,6,22,4,3,4,67,1,1
2022-07-09 14:00:00.000099-05:00,39,63,8,91,28,9,5,21,4,4,6,55,4,2
2022-07-09 15:00:00.002860-05:00,38,49,8,90,13,11,2,12,1,4,0,64,5,2
2022-07-09 16:00:00.000019-05:00,29,46,7,77,20,7,9,14,1,2,1,58,4,0
2022-07-09 17:00:00.018240-05:00,25,73,3,70,20,4,3,12,2,3,1,44,1,2
2022-07-09 18:00:00.005796-05:00,25,87,3,53,25,5,2,7,1,2,1,33,1,1
2022-07-09 19:00:00.022491-05:00,32,69,6,75,26,13,4,29,3,4,1,39,3,2
2022-07-09 20:00:00.002107-05:00,30,76,11,71,33,11,4,32,2,8,8,52,7,1
2022-07-09 21:00:00.025314-05:00,33,61,7,79,22,10,6,15,3,5,4,25,5,3
2022-07-09 22:00:00.001579-05:00,19,30,10,47,16,5,3,9,10,7,7,22,2,2
2022-07-09 23:00:00.001944-05:00,20,26,7,55,22,4,1,8,5,4,0,26,2,3
2022-07-10 00:00:00.069707-05:00,19,32,6,38,18,3,4,4,4,4,1,17,2,3
2022-07-10 01:00:00.001624-05:00,15,26,9,59,23,6,3,17,4,7,5,21,5,2
2022-07-10 02:00:00.006604-05:00,4,28,10,46,17,4,3,6,4,0,4,10,2,1
2022-07-10 03:00:00.016133-05:00,17,19,2,39,17,4,2,10,1,1,2,14,0,1
2022-07-10 04:00:00.016374-05:00,10,12,7,32,16,2,2,5,3,2,1,14,6,2
2022-07-10 05:00:00.000727-05:00,7,13,8,44,12,4,0,11,1,7,2,18,2,3
2022-07-10 06:00:00.016375-05:00,28,29,9,49,25,7,2,13,4,2,2,17,5,0
2022-07-10 07:00:00.018680-05:00,27,23,14,60,36,11,11,24,5,2,1,19,2,4
2022-07-10 08:00:00.066434-05:00,27,28,12,97,28,15,2,24,3,7,3,39,3,3
2022-07-10 09:00:00.016798-05:00,29,43,21,121,59,20,7,41,4,16,10,39,10,3
2022-07-10 10:00:00.016466-05:00,31,56,31,119,41,24,7,34,2,8,8,49,11,2
2022-07-10 11:00:00.016306-05:00,30,48,12,97,53,22,5,41,5,8,7,29,6,3
2022-07-10 12:00:00.000003-05:00,28,71,25,102,49,25,6,29,7,27,6,53,10,4
2022-07-10 13:00:00.044026-05:00,45,63,17,99,48,10,6,31,6,11,5,53,7,3
2022-07-10 14:00:00.000025-05:00,46,76,15,100,36,6,5,23,1,6,4,92,8,2
2022-07-10 15:00:00.000004-05:00,29,61,12,116,34,12,3,40,2,4,3,75,4,2
2022-07-10 16:00:00.000017-05:00,32,69,10,101,32,13,6,30,2,0,2,61,1,0
2022-07-10 17:00:00.000004-05:00,25,56,11,89,29,10,6,21,2,9,5,57,2,1
2022-07-10 18:00:00.000022-05:00,29,63,8,106,29,7,2,27,1,2,7,35,3,1
2022-07-10 19:00:00.000001-05:00,45,76,28,114,52,16,13,42,10,15,1,77,9,2
2022-07-10 20:00:00.043776-05:00,48,80,14,116,35,19,6,38,6,5,5,68,12,1
2022-07-10 21:00:00.043539-05:00,33,50,8,85,45,22,10,27,3,11,2,42,4,2
2022-07-10 22:00:00.000029-05:00,27,36,14,79,28,19,7,28,6,5,11,48,4,3
2022-07-10 23:00:00.000011-05:00,22,37,15,100,21,5,4,18,6,3,1,92,6,1
2022-07-11 00:00:00.000012-05:00,16,48,10,71,14,6,2,15,3,3,2,60,2,2
2022-07-11 01:00:00.000012-05:00,19,34,18,75,38,14,6,26,3,8,3,49,4,2
2022-07-11 02:00:00.001224-05:00,17,29,25,47,21,6,2,12,4,5,9,31,4,0
2022-07-11 03:00:00.005340-05:00,14,25,11,53,20,10,2,10,2,5,4,52,5,3
2022-07-11 04:00:00.000008-05:00,19,23,38,79,42,20,2,23,2,7,10,45,8,1
2022-07-11 05:00:00.001717-05:00,43,47,48,116,56,18,9,30,8,13,4,95,13,4
2022-07-11 06:00:00.000014-05:00,45,78,45,119,54,19,9,24,4,7,5,137,12,7
2022-07-11 07:00:00.000196-05:00,61,154,56,185,76,38,15,62,7,8,5,203,11,4
2022-07-11 08:00:00.001929-05:00,120,192,58,382,117,77,24,141,8,19,13,272,21,3
2022-07-11 09:00:00.000011-05:00,109,153,85,420,144,64,21,112,14,30,24,272,8,11
2022-07-11 10:00:00.001398-05:00,95,108,60,466,109,54,16,97,6,19,23,271,24,7
2022-07-11 11:00:00.000605-05:00,90,186,61,388,103,57,19,82,19,28,16,225,23,6
2022-07-11 12:00:00.001451-05:00,109,219,44,274,114,25,16,54,11,9,11,177,14,4
2022-07-11 13:00:00.014455-05:00,97,175,40,255,83,28,14,65,11,17,10,169,12,4
2022-07-11 14:00:00.002514-05:00,119,187,51,276,115,53,11,130,9,13,14,177,11,9
2022-07-11 15:00:00.000035-05:00,337,176,41,268,147,50,13,104,8,19,16,238,20,3
2022-07-11 16:00:00.010606-05:00,127,96,29,176,55,20,15,58,14,9,4,131,15,4
2022-07-11 17:00:00.011085-05:00,99,106,15,121,36,16,4,48,3,10,8,92,4,3
2022-07-11 18:00:00.014426-05:00,82,92,12,134,34,10,1,36,2,4,9,89,4,2
2022-07-11 19:00:00.061374-05:00,88,95,22,135,55,14,4,54,1,7,9,65,9,0
2022-07-11 20:00:00.011183-05:00,62,81,23,130,65,27,2,26,9,5,4,43,16,5
2022-07-11 21:00:00.011103-05:00,62,74,23,94,45,16,2,28,2,9,2,54,6,4
2022-07-11 22:00:00.061184-05:00,55,49,13,79,39,14,5,22,7,6,4,41,1,5
2022-07-11 23:00:00.011023-05:00,60,51,19,90,35,16,5,39,7,12,10,48,6,6
2022-07-12 00:00:00.010833-05:00,52,33,18,65,44,14,1,28,6,8,12,34,12,1
2022-07-12 01:00:00.012146-05:00,57,24,10,64,22,8,3,20,3,7,8,26,5,0
2022-07-12 02:00:00.011553-05:00,32,20,9,43,22,9,3,14,3,3,4,25,3,1
2022-07-12 03:00:00.000025-05:00,28,37,19,79,46,21,8,29,5,11,13,29,11,5
2022-07-12 04:00:00.005909-05:00,23,21,8,57,23,7,4,19,1,2,2,23,3,1
2022-07-12 05:00:00.000107-05:00,47,37,15,89,44,12,2,15,2,4,1,28,5,1
2022-07-12 06:00:00.008775-05:00,81,55,34,117,46,14,4,34,6,10,6,48,8,3
2022-07-12 07:00:00.004156-05:00,111,94,48,149,81,40,15,69,9,8,4,97,12,4
2022-07-12 08:00:00.000009-05:00,160,230,54,319,187,79,31,110,2,26,11,122,20,7
2022-07-12 09:00:00.000022-05:00,163,259,68,352,180,77,25,118,8,27,15,119,14,7
2022-07-12 10:00:00.000123-05:00,172,402,63,296,226,62,11,105,15,16,12,97,17,6
2022-07-12 11:00:00.000015-05:00,244,322,54,250,178,55,16,87,10,26,22,92,23,2
2022-07-12 12:00:00.000462-05:00,156,242,44,267,173,65,8,85,9,19,33,108,28,8
2022-07-12 13:00:00.000036-05:00,197,187,29,230,134,33,5,68,12,16,16,93,17,2
2022-07-12 14:00:00.000104-05:00,148,177,28,241,183,62,10,91,4,12,17,74,17,8
2022-07-12 15:00:00.026997-05:00,125,160,34,198,161,46,13,86,4,13,18,99,18,4
2022-07-12 16:00:00.027799-05:00,61,108,23,202,99,36,5,56,9,17,12,249,11,1
2022-07-12 17:00:00.029050-05:00,68,97,25,168,84,27,9,56,3,21,6,164,9,3
2022-07-12 19:00:00.000053-05:00,59,68,22,122,47,22,2,29,1,8,4,86,7,1
2022-07-12 20:00:00.047944-05:00,56,89,23,106,47,17,5,28,4,7,4,69,9,2
2022-07-12 21:00:00.000004-05:00,44,75,25,129,43,17,4,27,3,9,7,54,9,3
2022-07-12 22:00:00.000009-05:00,36,62,15,95,39,12,4,21,3,10,7,56,8,2
2022-07-12 23:00:00.049593-05:00,30,46,16,69,19,9,4,16,6,9,2,50,8,5
2022-07-13 00:00:00.002167-05:00,25,31,9,49,20,8,3,15,6,6,5,36,7,4
2022-07-13 01:00:00.000035-05:00,36,34,20,71,30,10,1,19,11,6,2,34,2,1
2022-07-13 02:00:00.000048-05:00,19,15,7,28,19,3,1,8,3,4,1,19,5,0
2022-07-13 03:00:00.000042-05:00,16,18,9,43,25,8,1,10,1,1,4,35,2,3
2022-07-13 04:00:00.000042-05:00,12,24,9,47,15,7,3,16,0,7,0,52,3,0
2022-07-13 06:00:00.001475-05:00,47,85,21,100,55,17,5,38,2,8,4,52,4,3
2022-07-13 07:00:00.000042-05:00,73,109,53,212,120,36,9,69,2,17,1,109,10,2
2022-07-13 08:00:00.004851-05:00,140,174,62,353,174,77,9,118,7,28,11,202,16,6
2022-07-13 09:00:00.003574-05:00,156,197,70,591,172,98,16,129,6,18,18,197,14,8
2022-07-13 10:00:00.000016-05:00,137,161,51,295,149,62,6,97,7,16,8,122,12,7
2022-07-13 11:00:00.016456-05:00,117,132,36,321,138,61,6,86,6,17,19,149,9,9
2022-07-13 12:00:00.001569-05:00,153,186,35,263,124,59,13,82,5,21,14,134,14,5
2022-07-13 13:00:00.010675-05:00,188,134,28,216,105,55,10,81,5,17,9,96,9,2
2022-07-13 14:00:00.009169-05:00,178,162,32,220,102,53,9,59,3,7,13,89,8,1
2022-07-13 15:00:00.024060-05:00,115,151,37,221,109,54,2,69,5,11,14,126,13,5
2022-07-13 16:00:00.008857-05:00,66,83,27,303,67,40,3,45,4,5,9,135,10,1
2022-07-13 17:00:00.018881-05:00,64,60,24,242,62,35,3,35,0,16,3,70,8,1
2022-07-13 18:00:00.022189-05:00,64,80,14,167,59,33,2,31,2,5,3,48,5,0
2022-07-13 19:00:00.024307-05:00,61,67,17,167,45,28,7,39,6,10,6,33,7,8
2022-07-13 20:00:00.005067-05:00,82,69,28,169,57,12,5,20,0,2,9,134,6,4
2022-07-13 21:00:00.000024-05:00,53,61,19,143,45,21,5,27,8,7,3,53,8,3
2022-07-14 11:00:00.023146-05:00,183,246,41,247,257,78,23,100,10,17,30,83,21,6
2022-07-14 12:00:00.034407-05:00,304,162,33,208,228,145,19,76,10,22,14,61,18,6
2022-07-14 13:00:00.003537-05:00,198,161,45,271,323,148,21,134,5,35,17,72,22,7
2022-07-14 14:00:00.004694-05:00,152,131,22,315,214,83,8,118,2,28,13,60,14,4
2022-07-14 15:00:00.000012-05:00,135,127,27,196,184,68,15,99,11,15,9,44,15,3
2022-07-14 16:00:00.000016-05:00,89,93,20,170,153,70,15,96,1,18,10,45,12,4
2022-07-14 17:00:00.048680-05:00,75,72,15,135,117,56,10,69,0,25,13,36,9,5
2022-07-14 18:00:00.048827-05:00,48,65,13,112,98,35,11,48,2,7,5,23,12,0
2022-07-14 19:00:00.027868-05:00,57,58,8,97,61,30,5,34,4,12,9,20,5,3
2022-07-14 20:00:00.000319-05:00,45,46,20,88,69,31,4,41,1,10,6,22,3,2
2022-07-14 21:00:00.000237-05:00,44,52,32,104,70,42,3,63,5,12,9,28,11,5
2022-07-14 22:00:00.089854-05:00,24,31,20,58,39,23,3,18,2,8,8,14,13,0
2022-07-14 23:00:00.014750-05:00,20,45,16,58,40,10,5,17,6,7,3,14,11,7
2022-07-15 00:00:00.019931-05:00,34,28,24,67,64,27,2,34,6,12,11,23,10,2
2022-07-15 01:00:00.028813-05:00,15,13,15,70,33,17,3,21,2,7,8,16,6,0
2022-07-15 02:00:00.023494-05:00,8,12,5,36,11,17,2,11,2,2,4,8,5,3
2022-07-15 03:00:00.007190-05:00,18,32,7,40,28,13,3,10,3,6,2,11,3,0
2022-07-15 04:00:00.003171-05:00,15,26,22,49,21,7,1,14,4,4,2,8,10,2
2022-07-15 05:00:00.031181-05:00,23,21,27,69,30,16,5,26,2,6,5,7,13,1
2022-07-15 06:00:00.031503-05:00,41,63,28,90,54,35,2,65,4,5,5,34,15,2
2022-07-15 07:00:00.003081-05:00,36,55,23,133,97,48,10,82,2,10,11,38,11,4
2022-07-15 08:00:00.031071-05:00,134,196,59,331,218,85,21,161,11,16,21,81,15,7
2022-07-15 09:00:00.081344-05:00,162,177,77,357,197,91,15,92,4,27,28,83,22,6
2022-07-15 10:00:00.015824-05:00,123,161,50,312,155,99,11,144,6,21,18,61,16,3
2022-07-15 11:00:00.031830-05:00,107,133,56,346,256,95,14,135,9,19,31,67,15,2
2022-07-15 12:00:00.031001-05:00,98,144,31,370,240,73,29,135,10,9,21,72,14,2
2022-07-15 13:00:00.000474-05:00,121,156,45,255,157,56,35,144,4,11,22,69,8,2
2022-07-15 14:00:00.032253-05:00,147,182,25,220,123,73,23,109,7,13,24,60,12,4
2022-07-15 15:00:00.007738-05:00,118,162,32,179,130,73,16,96,3,5,15,36,16,1
2022-07-15 16:00:00.031581-05:00,79,123,16,145,82,48,12,69,5,10,13,55,8,2
2022-07-15 17:00:00.081036-05:00,44,85,9,113,61,43,20,44,4,9,3,75,10,2
2022-07-15 18:00:00.030967-05:00,60,76,8,108,65,42,9,35,4,9,9,53,5,1
2022-07-15 20:00:00.027100-05:00,27,67,11,76,41,17,5,12,4,3,4,24,8,1
2022-07-15 21:00:00.011403-05:00,46,61,13,61,37,26,5,20,3,10,3,14,8,1
2022-07-15 22:00:00.002813-05:00,32,44,9,50,30,12,5,18,2,8,6,13,8,1
2022-07-16 00:00:00.015088-05:00,23,31,2,34,21,14,2,13,5,6,3,16,5,2
2022-07-16 01:00:00.021359-05:00,24,18,6,49,22,6,0,9,2,3,2,15,2,0
2022-07-16 02:00:00.000308-05:00,16,27,4,48,22,13,5,9,1,3,4,17,1,0
2022-07-16 03:00:00.013778-05:00,20,26,10,54,17,5,8,13,0,4,1,16,0,0
2022-07-16 04:00:00.030748-05:00,19,21,9,50,27,9,4,18,2,2,0,7,1,3
2022-07-16 05:00:00.000331-05:00,13,17,8,32,15,5,4,12,1,5,3,16,1,3
2022-07-16 06:00:00.000009-05:00,26,19,17,74,33,3,2,11,1,3,4,25,7,0
2022-07-16 07:00:00.000069-05:00,28,25,19,86,55,16,0,18,0,2,4,33,4,3
2022-07-16 08:00:00.011469-05:00,37,44,18,128,62,23,3,39,3,9,10,36,7,1
2022-07-16 09:00:00.000028-05:00,46,88,35,99,65,43,4,40,8,10,9,30,10,4
2022-07-16 10:00:00.029783-05:00,41,41,14,125,47,37,3,25,2,2,3,39,5,2
2022-07-16 11:00:00.007558-05:00,38,65,27,105,46,30,4,25,3,12,9,28,3,5
2022-07-16 12:00:00.029581-05:00,37,74,20,101,49,23,4,17,2,7,6,28,5,2
2022-07-16 13:00:00.000041-05:00,37,57,11,75,33,17,4,17,6,7,7,30,7,2
2022-07-16 15:00:00.023523-05:00,41,50,12,81,39,24,1,14,0,2,2,16,3,2
2022-07-16 16:00:00.023251-05:00,28,51,8,76,34,26,3,12,5,5,4,31,2,0
2022-07-16 17:00:00.024031-05:00,22,34,9,59,27,19,0,13,6,4,2,19,5,1
2022-07-16 18:00:00.001755-05:00,31,46,7,67,34,13,2,13,2,1,2,23,2,0
2022-07-16 19:00:00.000006-05:00,40,41,16,73,44,19,3,16,3,3,3,20,1,0
2022-07-16 20:00:00.074021-05:00,44,49,9,81,62,23,3,38,2,2,9,23,6,0
2022-07-16 21:00:00.023142-05:00,29,34,15,61,48,21,3,22,1,6,12,20,7,2
2022-07-16 22:00:00.000308-05:00,32,31,5,42,25,12,2,8,2,3,1,9,2,2
2022-07-16 23:00:00.023671-05:00,21,41,3,35,24,8,1,12,1,0,2,17,1,2
2022-07-17 00:00:00.023878-05:00,11,21,3,26,16,9,2,5,0,1,3,6,1,1
2022-07-17 01:00:00.023340-05:00,14,23,5,51,19,4,0,10,0,3,2,8,3,0
2022-07-17 02:00:00.000033-05:00,21,28,13,37,20,6,1,12,0,4,2,9,1,0
2022-07-17 03:00:00.002167-05:00,19,20,7,49,17,7,1,10,2,1,1,10,8,0
2022-07-17 04:00:00.025374-05:00,17,25,8,30,19,4,1,8,2,3,1,8,2,1
2022-07-17 05:00:00.012306-05:00,12,20,10,40,21,7,0,7,3,5,4,14,2,2
2022-07-17 06:00:00.023614-05:00,12,27,12,42,28,5,2,16,2,5,1,22,2,0
2022-07-17 07:00:00.023982-05:00,46,53,30,106,59,19,5,25,3,6,5,31,5,0
2022-07-17 08:00:00.015006-05:00,37,38,24,116,65,25,6,36,4,10,14,38,10,1
2022-07-17 09:00:00.015410-05:00,64,48,52,125,94,42,7,47,2,26,15,50,13,1
2022-07-17 10:00:00.016307-05:00,41,50,37,143,68,31,5,36,8,8,3,31,7,1
2022-07-17 12:00:00.004526-05:00,33,45,18,106,55,33,4,38,2,3,11,36,9,0
2022-07-17 13:00:00.008276-05:00,50,59,16,124,80,42,8,43,5,9,8,20,5,1
2022-07-17 14:00:00.009130-05:00,50,62,30,102,72,29,3,30,4,6,3,16,5,2
2022-07-17 15:00:00.001389-05:00,41,70,12,88,37,31,3,20,3,1,5,17,6,1
2022-07-17 16:00:00.000654-05:00,33,47,6,93,36,24,3,17,2,5,3,32,1,0
2022-07-17 17:00:00.001869-05:00,41,57,1,78,24,19,4,16,1,7,1,15,5,0
2022-07-17 18:00:00.000068-05:00,47,37,8,98,33,24,11,28,1,4,4,15,4,2
2022-07-17 19:00:00.001954-05:00,41,54,10,136,46,32,7,24,4,6,7,29,7,0
2022-07-17 20:00:00.001592-05:00,49,57,30,124,57,27,3,36,6,7,7,28,9,1
2022-07-17 21:00:00.052823-05:00,54,75,30,168,96,53,13,56,4,7,9,44,12,0
2022-07-17 22:00:00.001306-05:00,36,56,15,83,38,34,2,17,4,9,4,18,4,2
2022-07-17 23:00:00.001270-05:00,34,46,14,62,25,26,1,16,3,6,5,8,3,0
2022-07-18 00:00:00.004485-05:00,39,50,14,64,33,22,3,8,1,0,8,10,4,1
2022-07-18 01:00:00.002454-05:00,32,43,9,56,32,11,1,12,1,3,1,12,1,2
2022-07-18 02:00:00.034437-05:00,49,34,14,56,23,17,1,11,2,3,3,12,5,0
2022-07-18 03:00:00.052532-05:00,25,35,9,57,27,20,1,3,0,2,6,9,2,2
2022-07-18 04:00:00.007584-05:00,37,31,17,64,33,10,3,19,1,2,4,9,4,1
2022-07-18 05:00:00.000411-05:00,35,52,24,100,45,27,1,26,4,6,10,20,11,3
2022-07-18 06:00:00.029566-05:00,79,75,40,145,103,63,5,46,15,11,16,39,7,4
2022-07-18 08:00:00.000171-05:00,180,271,76,358,189,196,20,122,8,19,18,51,28,6
2022-07-18 09:00:00.000039-05:00,157,259,75,369,185,153,19,109,13,18,16,40,26,1
2022-07-18 11:00:00.011138-05:00,203,328,57,324,169,190,31,107,13,27,32,75,22,0
2022-07-18 12:00:00.001145-05:00,154,422,50,300,591,142,17,83,8,16,25,62,20,4
2022-07-18 13:00:00.027987-05:00,111,168,46,292,553,132,7,114,10,26,37,60,15,17
2022-07-18 14:00:00.000027-05:00,140,191,45,311,381,124,9,96,7,17,14,52,13,3
2022-07-18 15:00:00.010383-05:00,117,159,35,252,277,105,11,80,5,32,30,41,21,6
2022-07-18 16:00:00.014397-05:00,66,89,10,176,201,73,3,55,2,16,12,88,9,2
2022-07-18 18:00:00.027345-05:00,93,146,20,166,137,71,3,49,6,13,4,43,6,2
2022-07-18 19:00:00.000223-05:00,51,94,10,130,99,42,3,35,0,4,4,35,9,1
2022-07-18 20:00:00.028430-05:00,43,74,20,130,93,38,6,36,2,8,4,22,6,1
2022-07-18 21:00:00.000011-05:00,36,65,14,88,61,34,6,23,3,2,6,25,6,2
2022-07-18 22:00:00.031358-05:00,25,56,7,114,68,24,5,29,7,10,8,20,7,2
2022-07-18 23:00:00.029762-05:00,24,43,8,89,56,18,4,32,3,6,1,12,6,7
2022-07-19 00:00:00.002627-05:00,34,65,12,71,33,22,2,17,3,8,3,7,10,9
2022-07-19 01:00:00.073943-05:00,46,44,34,78,62,27,3,37,10,11,21,24,11,0
2022-07-19 02:00:00.000860-05:00,44,42,18,58,46,14,0,22,2,9,7,10,5,1
2022-07-19 03:00:00.003772-05:00,24,37,4,56,39,14,1,19,0,1,6,2,3,3
2022-07-19 04:00:00.000010-05:00,30,41,11,63,44,13,2,24,2,3,7,11,5,1
2022-07-19 05:00:00.004981-05:00,57,77,23,94,73,17,1,14,5,6,4,18,10,2
2022-07-19 06:00:00.026502-05:00,102,133,29,167,99,49,8,31,4,13,5,46,9,6
2022-07-19 07:00:00.001814-05:00,148,195,63,205,149,86,9,66,5,35,36,60,20,7
2022-07-19 08:00:00.000587-05:00,315,584,85,305,251,132,16,105,14,31,40,73,32,6
2022-07-19 09:00:00.000612-05:00,284,353,114,397,232,85,25,79,35,24,28,78,32,7
2022-07-19 10:00:00.020258-05:00,205,276,82,360,254,141,18,108,30,33,25,233,21,7
2022-07-19 11:00:00.000255-05:00,175,254,108,510,213,130,11,131,16,34,40,482,34,9
2022-07-19 12:00:00.000322-05:00,165,253,85,419,241,177,13,117,10,36,57,218,19,3
2022-07-19 13:00:00.001540-05:00,208,267,53,307,183,206,11,100,11,23,26,116,17,10
2022-07-19 14:00:00.000160-05:00,172,255,49,255,149,108,15,96,17,28,39,107,20,2
2022-07-19 15:00:00.021219-05:00,118,169,37,264,170,107,7,91,5,14,28,80,22,2
2022-07-19 16:00:00.001256-05:00,66,115,17,215,110,66,8,37,14,5,11,50,10,3
2022-07-19 17:00:00.000028-05:00,66,113,15,183,97,73,12,46,3,9,4,44,8,0
2022-07-19 18:00:00.000021-05:00,63,106,15,163,82,55,7,44,5,11,5,50,8,2
2022-07-19 19:00:00.049175-05:00,76,90,28,162,84,53,3,44,2,13,6,32,7,1
2022-07-19 20:00:00.000032-05:00,53,74,23,133,72,79,9,37,2,10,11,39,10,4
2022-07-19 21:00:00.000030-05:00,79,96,41,154,98,72,4,50,6,16,16,34,9,4
2022-07-19 22:00:00.000005-05:00,74,67,29,127,59,58,0,35,3,14,21,32,9,0
2022-07-19 23:00:00.000005-05:00,53,66,29,156,99,38,8,47,2,4,15,40,15,1
2022-07-20 00:00:00.000014-05:00,46,65,18,95,63,41,5,26,3,9,14,24,11,4
2022-07-20 01:00:00.000032-05:00,34,42,16,85,48,32,1,27,2,3,3,20,7,1
2022-07-20 02:00:00.000074-05:00,25,35,20,70,23,16,4,15,3,4,4,13,3,2
2022-07-20 03:00:00.000065-05:00,26,36,18,89,43,19,0,20,2,7,2,15,9,1
2022-07-20 04:00:00.000694-05:00,25,30,13,69,38,20,0,12,4,10,1,13,7,5
2022-07-20 05:00:00.000014-05:00,52,48,23,126,56,28,3,24,2,7,3,19,11,4
2022-07-20 06:00:00.000006-05:00,62,125,36,169,78,48,3,31,13,12,8,28,12,2
2022-07-20 07:00:00.000033-05:00,102,193,63,257,119,92,6,50,8,15,12,34,13,9
2022-07-20 08:00:00.000031-05:00,239,268,94,395,219,129,42,152,32,19,26,64,10,6
2022-07-20 09:00:00.000012-05:00,260,320,93,449,299,276,23,229,26,32,21,72,18,7
2022-07-20 10:00:00.000031-05:00,162,322,59,441,232,177,26,162,30,50,17,82,19,1
2022-07-20 11:00:00.048589-05:00,161,297,68,444,253,151,15,159,13,47,27,83,20,8
2022-07-20 12:00:00.000018-05:00,125,178,56,388,195,140,14,105,11,30,25,86,15,11
2022-07-20 13:00:00.004516-05:00,184,233,51,512,213,123,16,84,16,30,20,55,11,5
2022-07-20 14:00:00.001879-05:00,190,363,50,723,219,137,10,106,18,26,26,59,13,2
2022-07-20 15:00:00.032789-05:00,119,210,39,921,110,100,7,90,4,15,11,75,20,5
2022-07-20 17:00:00.000032-05:00,60,118,13,778,82,56,7,54,3,11,5,24,13,0
2022-07-20 18:00:00.000014-05:00,61,91,11,449,77,58,2,49,5,9,12,25,10,1
2022-07-20 19:00:00.002191-05:00,83,94,20,387,53,35,4,32,5,10,10,23,8,3
2022-07-20 20:00:00.000004-05:00,80,85,25,358,74,59,6,27,2,18,8,7,11,4
2022-07-20 21:00:00.005768-05:00,71,85,14,293,60,32,5,30,3,11,7,21,5,3
2022-07-20 22:00:00.025398-05:00,52,83,20,253,48,43,6,24,8,14,5,19,9,5
2022-07-20 23:00:00.001284-05:00,43,48,11,178,23,25,4,15,0,6,3,12,5,2
2022-07-21 00:00:00.003409-05:00,58,60,36,162,37,16,6,21,15,8,4,27,5,7
2022-07-21 02:00:00.000026-05:00,31,36,13,149,27,13,2,8,3,5,2,17,3,2
2022-07-21 03:00:00.032861-05:00,34,48,14,155,34,14,3,11,0,4,9,11,3,2
2022-07-21 04:00:00.002123-05:00,21,36,10,141,41,21,3,22,1,2,2,8,7,4
2022-07-21 05:00:00.002362-05:00,35,57,19,209,40,23,1,17,6,25,2,20,8,4
2022-07-21 06:00:00.000061-05:00,82,104,41,289,71,36,7,34,7,44,8,25,6,3
2022-07-21 07:00:00.000732-05:00,124,232,46,401,115,86,6,158,9,52,9,30,9,6
2022-07-21 08:00:00.000595-05:00,229,303,75,815,207,112,16,307,12,77,65,44,15,8
2022-07-21 09:00:00.003798-05:00,198,294,73,846,196,116,21,251,13,67,59,65,24,3
2022-07-21 10:00:00.050445-05:00,166,173,59,852,182,119,21,172,24,42,38,62,22,4
2022-07-21 11:00:00.000400-05:00,179,189,51,973,199,127,20,148,23,40,29,76,19,8
2022-07-21 12:00:00.001492-05:00,225,226,49,717,207,107,14,123,15,41,34,74,23,0
2022-07-21 13:00:00.058404-05:00,289,303,49,793,164,79,15,117,21,29,20,57,14,4
2022-07-21 14:00:00.021241-05:00,268,316,54,669,212,76,20,127,17,32,16,55,11,4
2022-07-21 15:00:00.021553-05:00,169,157,40,532,168,87,17,125,9,19,28,100,11,3
2022-07-21 16:00:00.016608-05:00,129,104,24,306,104,55,8,84,4,14,13,73,10,2
2022-07-21 17:00:00.001108-05:00,121,111,21,286,84,56,6,73,4,14,11,47,5,2
2022-07-21 18:00:00.010816-05:00,116,89,8,202,73,47,4,60,6,16,13,29,4,2
2022-07-21 19:00:00.006077-05:00,113,71,35,210,77,36,3,45,4,10,17,20,3,0
2022-07-21 20:00:00.037304-05:00,112,77,22,150,57,40,13,37,4,9,17,35,9,1
2022-07-21 21:00:00.014185-05:00,86,68,27,150,66,29,5,32,7,7,4,29,9,3
2022-07-21 22:00:00.021926-05:00,78,63,25,131,41,28,4,24,8,10,9,23,8,1
2022-07-21 23:00:00.001553-05:00,62,44,14,121,53,24,7,42,7,13,8,21,9,1
2022-07-22 00:00:00.020652-05:00,66,37,12,79,34,18,3,23,3,13,5,20,9,3
2022-07-22 01:00:00.021042-05:00,74,45,24,82,36,19,6,31,5,8,7,15,9,2
2022-07-22 02:00:00.018054-05:00,55,37,7,85,26,14,1,24,4,8,1,11,2,0
2022-07-22 03:00:00.000171-05:00,85,36,13,97,27,20,2,17,2,4,8,11,3,1
2022-07-22 04:00:00.011306-05:00,86,60,21,95,41,7,2,26,2,3,11,12,1,5
2022-07-22 05:00:00.078052-05:00,103,66,21,120,33,33,9,35,3,10,9,27,9,5
2022-07-22 06:00:00.010288-05:00,194,96,44,193,88,39,6,58,6,14,4,78,8,6
2022-07-22 07:00:00.003949-05:00,234,126,54,388,122,44,5,72,13,13,11,520,14,2
2022-07-22 08:00:00.000055-05:00,393,199,70,563,180,109,16,142,7,25,29,262,15,3
2022-07-22 09:00:00.027880-05:00,397,436,79,665,245,81,17,132,8,28,15,130,13,2
2022-07-22 10:00:00.000030-05:00,344,361,70,542,208,76,11,119,9,32,16,125,13,4
2022-07-22 11:00:00.000024-05:00,242,224,89,446,169,79,23,99,17,33,17,103,8,3
2022-07-22 12:00:00.027579-05:00,199,172,65,345,161,70,10,87,5,22,7,92,12,1
2022-07-22 13:00:00.001145-05:00,209,194,45,365,182,65,12,89,8,18,17,73,8,6
2022-07-22 14:00:00.000016-05:00,215,250,45,354,155,54,13,77,11,19,4,78,8,2
2022-07-22 15:00:00.020212-05:00,115,131,27,255,101,66,10,70,4,14,10,57,8,7
2022-07-22 16:00:00.000587-05:00,82,100,16,163,81,51,4,59,5,10,9,52,10,1
2022-07-22 17:00:00.000009-05:00,74,64,10,171,60,44,2,36,3,10,3,32,3,2
2022-07-22 18:00:00.000963-05:00,56,54,9,104,53,32,2,35,2,12,5,30,6,0
2022-07-22 19:00:00.000026-05:00,41,48,9,88,51,17,0,26,4,15,6,11,7,0
2022-07-22 20:00:00.000881-05:00,33,39,6,71,45,22,4,23,0,2,1,11,4,1
2022-07-22 21:00:00.019078-05:00,47,58,23,117,44,21,6,28,3,7,4,22,7,0
2022-07-22 22:00:00.002137-05:00,45,43,25,128,64,32,6,29,5,20,7,20,8,1
2022-07-22 23:00:00.002272-05:00,38,26,10,71,23,8,4,14,2,2,9,15,7,0
2022-07-23 00:00:00.028108-05:00,26,25,8,50,34,15,7,12,1,10,1,8,3,2
2022-07-23 01:00:00.020312-05:00,32,20,15,65,46,17,8,24,2,12,2,9,5,3
2022-07-23 02:00:00.000029-05:00,13,19,8,47,35,14,4,13,0,5,2,9,5,0
2022-07-23 03:00:00.082992-05:00,18,18,8,49,35,16,5,19,0,4,3,7,3,2
2022-07-23 05:00:00.016521-05:00,25,27,13,38,32,15,9,20,4,9,8,12,7,4
2022-07-23 06:00:00.016309-05:00,28,27,19,55,50,7,6,21,3,12,3,9,10,2
2022-07-23 07:00:00.001221-05:00,26,30,14,97,48,14,5,43,4,5,6,17,9,2
2022-07-23 08:00:00.015850-05:00,51,53,18,101,57,21,11,43,1,8,8,20,7,3
2022-07-23 09:00:00.015737-05:00,31,54,24,109,66,18,5,50,8,10,5,18,9,4
2022-07-23 10:00:00.021213-05:00,30,62,29,123,78,18,10,58,2,11,14,25,19,3
2022-07-23 11:00:00.018687-05:00,38,53,24,117,53,22,7,34,4,20,7,19,7,2
2022-07-23 12:00:00.019705-05:00,38,54,34,118,70,21,7,47,3,14,6,27,4,1
2022-07-23 13:00:00.000036-05:00,55,58,35,110,52,14,8,35,3,12,6,17,7,2
2022-07-23 14:00:00.067122-05:00,38,56,18,91,55,15,3,27,1,3,1,13,2,0
2022-07-23 15:00:00.001263-05:00,35,58,30,143,51,12,2,32,2,3,5,15,6,2
2022-07-23 16:00:00.000053-05:00,39,55,28,105,68,8,3,29,1,4,2,11,7,0
2022-07-23 17:00:00.006542-05:00,37,31,14,69,50,6,0,20,2,6,1,9,8,1
2022-07-23 18:00:00.002981-05:00,29,52,30,94,38,10,1,28,4,9,3,10,6,1
2022-07-23 19:00:00.000540-05:00,39,46,14,96,34,16,2,29,6,10,2,12,4,1
2022-07-23 20:00:00.016226-05:00,61,72,40,109,61,12,7,34,4,16,4,26,10,1
2022-07-23 21:00:00.015121-05:00,34,32,10,76,33,7,7,17,3,5,2,12,5,1
2022-07-23 22:00:00.014571-05:00,33,45,18,50,32,13,6,20,4,5,5,4,9,3
2022-07-23 23:00:00.016843-05:00,31,43,17,58,41,16,4,24,2,7,3,10,4,0
2022-07-24 00:00:00.001069-05:00,34,35,20,92,38,17,5,21,6,10,8,12,8,1
2022-07-24 01:00:00.009621-05:00,27,30,11,60,28,12,2,17,3,4,5,16,10,1
2022-07-24 02:00:00.010687-05:00,30,24,19,63,47,22,3,31,0,14,11,11,8,1
2022-07-24 03:00:00.006074-05:00,17,21,8,41,26,12,2,11,0,4,3,8,2,0
2022-07-24 04:00:00.000042-05:00,8,21,9,43,25,6,1,12,0,2,2,4,7,0
2022-07-24 05:00:00.020618-05:00,15,24,12,68,27,6,0,15,3,7,6,4,6,0
2022-07-24 06:00:00.004655-05:00,32,24,28,66,41,19,5,25,4,5,6,13,9,0
2022-07-24 07:00:00.000020-05:00,40,46,39,102,59,19,7,37,3,15,15,31,19,1
2022-07-24 08:00:00.000038-05:00,41,56,22,96,73,17,4,37,5,10,4,25,14,0
2022-07-24 09:00:00.000032-05:00,54,65,42,106,70,18,3,43,3,10,1,14,10,3
2022-07-24 10:00:00.000042-05:00,38,73,34,145,87,30,5,57,3,8,8,22,10,1
2022-07-24 11:00:00.012104-05:00,37,49,35,162,84,24,2,46,7,8,12,26,14,2
2022-07-24 12:00:00.000021-05:00,62,69,18,144,82,23,8,56,7,19,6,47,8,4
2022-07-24 13:00:00.001298-05:00,59,68,35,128,92,41,10,55,1,17,13,28,14,0
2022-07-24 14:00:00.000016-05:00,39,72,10,104,58,19,0,33,3,5,2,12,10,2
2022-07-24 15:00:00.000289-05:00,48,76,18,119,75,26,3,48,4,6,5,16,14,1
2022-07-24 16:00:00.000046-05:00,39,60,14,109,81,29,2,59,4,2,8,14,6,2
2022-07-24 17:00:00.000041-05:00,32,57,9,112,67,9,0,36,1,6,4,9,11,0
2022-07-24 18:00:00.024865-05:00,56,74,24,127,70,21,4,65,1,10,5,19,16,1
2022-07-24 19:00:00.043803-05:00,68,76,32,130,71,32,2,47,0,10,6,22,15,2
2022-07-24 20:00:00.003941-05:00,51,63,31,133,91,36,4,58,0,3,6,21,12,1
2022-07-24 21:00:00.007009-05:00,69,70,32,247,77,23,5,48,3,10,8,42,12,4
2022-07-24 22:00:00.000990-05:00,38,54,21,106,73,25,5,33,2,13,9,28,10,2
2022-07-24 23:00:00.082088-05:00,46,46,16,92,52,19,4,34,5,8,6,22,15,4
2022-07-25 00:00:00.010495-05:00,27,29,14,65,29,14,2,20,3,8,3,7,2,4
2022-07-25 01:00:00.008716-05:00,30,28,9,55,41,8,2,17,3,4,2,7,4,1
2022-07-25 02:00:00.009233-05:00,39,57,21,89,56,21,4,31,3,9,10,16,15,4
2022-07-25 03:00:00.009540-05:00,33,41,16,90,60,11,2,32,2,4,6,15,10,2
2022-07-25 04:00:00.000691-05:00,24,32,14,76,42,12,4,24,2,6,5,11,6,2
2022-07-25 05:00:00.007534-05:00,61,69,30,160,80,2,2,35,5,11,3,12,10,4
2022-07-25 06:00:00.001846-05:00,59,81,31,188,125,21,10,69,10,11,4,21,17,7
2022-07-25 08:00:00.001269-05:00,160,206,79,421,266,106,15,158,10,24,22,36,23,4
2022-07-25 09:00:00.003890-05:00,165,207,66,394,243,114,16,116,36,22,18,38,29,3
2022-07-25 10:00:00.001146-05:00,186,210,95,396,303,150,14,149,16,39,53,118,63,9
2022-07-25 11:00:00.003804-05:00,173,199,80,325,259,84,25,113,13,33,33,82,39,6
2022-07-25 12:00:00.001794-05:00,145,164,76,289,178,95,9,102,7,30,33,69,26,5
2022-07-25 13:00:00.001370-05:00,113,126,59,269,175,71,11,91,7,19,20,52,23,2
2022-07-25 14:00:00.003429-05:00,74,117,34,254,188,84,26,118,7,19,16,31,27,4
2022-07-25 15:00:00.001813-05:00,104,116,21,236,192,62,3,283,5,9,17,29,26,2
2022-07-25 16:00:00.053950-05:00,80,98,17,163,141,44,4,189,3,9,20,28,19,5
2022-07-25 17:00:00.000980-05:00,82,94,24,155,120,44,3,121,3,12,13,30,10,3
2022-07-25 18:00:00.050725-05:00,82,127,22,209,105,34,2,101,3,3,7,24,7,0
2022-07-25 19:00:00.001654-05:00,71,88,23,115,75,22,1,92,2,11,5,12,11,1
2022-07-25 20:00:00.006736-05:00,60,84,28,116,95,25,5,70,2,16,10,24,10,3
2022-07-25 21:00:00.005665-05:00,58,59,16,107,76,32,5,68,3,10,3,37,12,4
2022-07-25 22:00:00.001074-05:00,39,71,26,80,55,21,8,52,3,14,11,20,17,3
2022-07-25 23:00:00.001358-05:00,40,46,23,69,58,19,9,41,3,13,11,9,9,2
2022-07-26 00:00:00.004278-05:00,57,32,17,75,38,12,4,31,4,9,5,12,7,1
2022-07-26 01:00:00.011321-05:00,36,30,13,70,33,13,5,26,3,3,2,5,11,5
2022-07-26 02:00:00.003926-05:00,50,34,9,38,42,18,2,35,0,10,9,8,13,2
2022-07-26 03:00:00.004751-05:00,30,18,7,46,38,20,2,33,1,4,3,6,11,3
2022-07-26 04:00:00.001709-05:00,27,46,21,59,69,19,1,57,3,11,12,13,5,1
2022-07-26 05:00:00.001738-05:00,22,54,14,79,77,5,2,56,6,13,12,8,11,3
2022-07-26 06:00:00.022647-05:00,65,94,43,161,118,28,2,110,4,11,11,35,20,3
2022-07-26 07:00:00.022338-05:00,75,98,51,225,158,55,5,159,11,23,27,48,32,8
2022-07-26 08:00:00.009299-05:00,136,162,75,320,169,77,15,191,7,26,27,45,21,10
2022-07-26 09:00:00.022272-05:00,123,170,79,291,196,68,17,169,14,31,33,46,25,8
2022-07-26 10:00:00.000237-05:00,108,150,44,403,211,82,13,172,8,35,29,44,21,5
2022-07-26 11:00:00.023221-05:00,125,164,52,285,176,93,11,134,4,31,24,41,17,5
2022-07-26 12:00:00.022406-05:00,112,154,48,234,152,69,13,143,5,23,23,30,18,2
2022-07-26 13:00:00.001493-05:00,103,131,36,229,175,52,17,128,5,23,12,27,11,3
2022-07-26 14:00:00.002239-05:00,95,101,16,188,127,41,8,117,10,13,23,40,16,3
2022-07-26 15:00:00.007950-05:00,80,81,24,195,154,63,2,129,5,13,16,50,21,4
2022-07-26 16:00:00.011990-05:00,48,67,5,164,103,45,5,83,3,20,7,77,9,1
2022-07-26 17:00:00.006035-05:00,61,65,16,136,104,56,8,80,1,13,10,35,16,2
2022-07-26 18:00:00.009326-05:00,61,63,4,117,82,32,1,66,3,25,38,37,12,8
2022-07-26 19:00:00.000005-05:00,61,70,17,113,75,44,8,56,12,15,32,22,12,3
2022-07-26 20:00:00.001642-05:00,56,77,46,137,109,43,8,39,7,26,19,39,12,1
2022-07-26 21:00:00.000132-05:00,37,56,11,98,81,39,7,51,3,20,17,17,11,2
2022-07-26 22:00:00.002131-05:00,43,58,32,87,58,23,13,34,9,24,12,22,7,2
2022-07-26 23:00:00.015678-05:00,27,32,9,72,34,15,8,23,6,26,18,16,9,3
2022-07-27 00:00:00.010208-05:00,25,38,14,61,41,21,4,13,0,9,13,14,4,1
2022-07-27 01:00:00.026315-05:00,30,52,24,62,46,28,6,38,4,8,19,25,8,4
2022-07-27 02:00:00.000054-05:00,25,32,20,55,31,12,5,11,6,5,9,16,2,3
2022-07-27 03:00:00.007619-05:00,30,45,22,68,48,20,1,19,0,5,22,13,3,3
2022-07-27 04:00:00.000007-05:00,40,44,21,65,53,15,3,25,5,9,18,16,4,1
2022-07-27 05:00:00.009813-05:00,46,49,19,65,57,14,2,22,1,9,23,19,9,2
2022-07-27 06:00:00.000184-05:00,69,66,32,95,81,31,6,50,3,15,39,36,12,3
2022-07-27 07:00:00.000588-05:00,91,99,46,131,104,50,10,62,6,16,65,34,11,3
2022-07-27 08:00:00.003073-05:00,89,131,48,228,183,152,12,121,7,20,81,53,16,2
2022-07-27 09:00:00.004451-05:00,157,203,79,448,221,195,26,116,8,17,97,52,20,4
2022-07-27 10:00:00.002144-05:00,148,208,72,321,210,133,22,128,4,21,101,61,22,5
2022-07-27 11:00:00.050620-05:00,146,170,34,322,161,112,8,116,5,16,73,51,17,2
2022-07-27 12:00:00.000116-05:00,122,127,48,259,173,195,30,96,3,31,82,48,19,5
2022-07-27 13:00:00.000008-05:00,199,238,82,373,216,149,23,124,7,20,52,43,19,4
2022-07-27 14:00:00.001151-05:00,170,234,49,351,313,137,14,126,8,24,71,35,10,2
2022-07-27 15:00:00.000556-05:00,76,89,24,218,267,105,7,110,6,11,49,21,21,0
2022-07-27 16:00:00.003168-05:00,61,95,11,162,155,68,7,75,7,10,24,56,8,2
2022-07-27 17:00:00.013881-05:00,68,85,18,144,131,67,5,74,1,14,27,12,14,1
2022-07-27 18:00:00.000212-05:00,56,56,17,119,100,58,5,45,5,7,13,20,7,1
2022-07-27 19:00:00.009850-05:00,60,64,19,115,116,45,3,65,7,14,20,30,12,1
2022-07-27 20:00:00.009327-05:00,78,98,35,167,107,62,9,63,6,21,25,28,15,1
2022-07-27 21:00:00.009347-05:00,50,68,27,124,98,33,12,55,3,5,15,13,8,3
2022-07-27 22:00:00.009727-05:00,34,36,21,107,62,42,9,43,2,10,14,30,6,1
2022-07-27 23:00:00.009207-05:00,46,54,28,68,57,23,9,35,2,17,22,12,6,3
2022-07-28 00:00:00.009749-05:00,21,27,23,64,69,29,4,32,1,10,18,13,10,6
2022-07-28 01:00:00.009832-05:00,26,23,10,52,59,12,2,24,4,6,8,5,3,2
2022-07-28 02:00:00.009474-05:00,18,27,12,39,39,10,3,15,2,4,5,10,4,3
2022-07-28 03:00:00.059086-05:00,28,22,12,54,42,13,0,26,2,6,6,8,3,0
2022-07-28 04:00:00.011887-05:00,22,26,16,75,52,8,2,18,4,3,5,7,4,1
2022-07-28 05:00:00.009738-05:00,46,42,48,125,117,33,6,56,0,18,15,40,18,2
2022-07-28 06:00:00.009122-05:00,88,91,44,182,170,58,7,102,7,43,24,33,20,4
2022-07-28 07:00:00.008788-05:00,90,82,52,243,196,57,6,125,4,31,26,34,19,8
2022-07-28 08:00:00.009813-05:00,148,219,57,435,281,104,17,198,14,38,35,26,22,6
2022-07-28 09:00:00.009639-05:00,165,210,74,446,332,124,25,161,7,30,53,72,14,5
2022-07-28 10:00:00.000042-05:00,211,234,52,450,319,90,12,193,12,26,34,47,17,2
2022-07-28 11:00:00.000036-05:00,114,129,34,306,228,95,22,161,15,25,31,65,21,3
2022-07-28 12:00:00.000015-05:00,125,145,41,318,299,91,13,200,20,29,16,44,23,3
2022-07-28 13:00:00.038452-05:00,199,241,36,353,345,60,8,226,19,18,20,65,17,7
2022-07-28 14:00:00.000006-05:00,111,125,40,292,511,142,37,407,17,16,21,60,28,3
2022-07-28 15:00:00.036482-05:00,95,79,17,273,967,103,24,964,10,13,16,28,15,7
2022-07-28 16:00:00.036169-05:00,73,78,16,197,566,55,20,536,0,18,15,20,26,2
2022-07-28 17:00:00.041420-05:00,68,69,6,151,322,49,9,351,4,10,5,22,12,0
2022-07-28 18:00:00.026299-05:00,48,60,14,115,187,41,9,202,5,16,18,25,6,1
2022-07-28 19:00:00.026258-05:00,55,72,24,189,174,40,3,188,3,13,21,14,9,3
2022-07-28 20:00:00.025592-05:00,65,100,36,148,151,43,14,153,5,15,16,27,18,2
2022-07-28 21:00:00.002158-05:00,59,54,36,158,151,46,6,124,4,15,20,34,17,3
2022-07-28 22:00:00.025778-05:00,37,55,24,125,111,33,7,107,3,10,19,17,12,1
2022-07-28 23:00:00.025616-05:00,33,45,22,111,114,35,3,77,3,19,17,29,16,1
2022-07-29 00:00:00.026563-05:00,18,25,17,56,69,22,6,69,0,9,5,4,7,2
2022-07-29 01:00:00.026199-05:00,27,36,20,76,71,17,8,75,5,6,5,15,10,0
2022-07-29 02:00:00.025484-05:00,17,31,13,64,61,17,2,52,1,9,10,9,8,0
2022-07-29 03:00:00.025609-05:00,27,27,18,60,65,13,5,67,0,7,5,10,9,1
2022-07-29 04:00:00.026550-05:00,38,64,26,83,80,9,6,56,1,12,7,8,14,4
2022-07-29 05:00:00.026492-05:00,37,50,40,107,118,30,7,114,6,12,6,14,71,3
2022-07-29 06:00:00.026169-05:00,64,69,35,159,170,26,7,181,7,19,11,35,103,3
2022-07-29 07:00:00.026088-05:00,88,98,69,222,317,63,10,322,8,13,30,71,124,4
2022-07-29 08:00:00.045944-05:00,115,153,81,373,369,78,18,448,4,29,29,82,126,4
2022-07-29 09:00:00.008152-05:00,163,219,106,534,452,104,22,475,20,19,22,76,115,12
2022-07-29 10:00:00.000013-05:00,154,205,71,361,298,102,26,313,12,30,31,70,67,12
2022-07-29 11:00:00.000012-05:00,152,194,56,322,208,70,8,241,6,8,18,50,51,8
2022-07-29 12:00:00.000045-05:00,135,200,57,343,204,127,9,225,10,30,14,44,36,4
2022-07-29 13:00:00.000034-05:00,215,249,35,444,162,70,10,192,11,19,17,40,30,10
2022-07-29 14:00:00.000859-05:00,169,192,41,757,191,79,21,212,17,29,23,34,32,4
2022-07-29 15:00:00.003063-05:00,83,101,24,408,133,57,7,189,15,18,13,31,40,4
2022-07-29 16:00:00.011760-05:00,50,45,12,232,114,46,7,108,5,1,7,39,27,4
2022-07-29 17:00:00.008823-05:00,56,54,5,170,104,33,2,94,8,3,2,36,18,3
2022-07-29 18:00:00.051153-05:00,66,55,13,126,89,35,4,78,12,10,7,27,28,3
2022-07-29 19:00:00.011637-05:00,55,68,8,209,53,14,6,69,12,12,3,23,23,3
2022-07-29 20:00:00.087706-05:00,50,44,7,134,48,14,1,44,5,3,2,8,18,1
2022-07-29 21:00:00.015436-05:00,46,52,16,133,67,23,7,38,3,13,14,24,18,2
2022-07-29 22:00:00.015974-05:00,26,28,11,101,54,25,5,37,1,5,8,20,15,1
2022-07-29 23:00:00.000037-05:00,35,49,5,82,32,12,0,32,1,1,1,11,17,2
2022-07-30 00:00:00.031742-05:00,48,44,9,58,28,20,6,28,7,10,2,7,22,3
2022-07-30 01:00:00.000037-05:00,25,18,8,57,22,14,2,20,5,4,9,10,11,1
2022-07-30 02:00:00.002005-05:00,20,25,2,35,26,8,2,22,5,6,5,10,8,1
2022-07-30 03:00:00.008890-05:00,14,14,10,47,36,15,3,27,2,4,4,8,11,3
2022-07-30 04:00:00.032265-05:00,14,16,21,48,24,8,0,15,1,2,4,8,9,4
2022-07-30 05:00:00.009953-05:00,25,21,7,47,28,9,4,14,1,8,5,5,8,0
2022-07-30 06:00:00.005113-05:00,27,30,15,67,52,17,4,26,19,9,10,11,9,6
2022-07-30 07:00:00.000312-05:00,30,33,13,103,61,11,4,39,8,8,15,14,10,6
2022-07-30 08:00:00.000023-05:00,27,44,21,99,45,17,2,38,5,10,7,11,10,3
2022-07-30 09:00:00.032933-05:00,31,69,27,119,55,28,2,46,6,5,15,32,10,4
2022-07-30 10:00:00.000339-05:00,28,58,31,117,62,18,2,45,15,6,19,23,12,9
2022-07-30 11:00:00.013518-05:00,36,66,20,130,56,21,4,44,9,5,16,22,15,3
2022-07-30 12:00:00.024485-05:00,36,51,21,113,47,19,8,34,7,14,9,21,16,4
2022-07-30 13:00:00.001192-05:00,71,71,26,100,65,22,7,47,5,10,10,23,17,2
2022-07-30 14:00:00.015072-05:00,51,50,22,131,77,20,3,32,7,4,16,33,17,2
2022-07-30 15:00:00.000040-05:00,41,55,7,73,33,10,1,25,6,0,8,10,1,1
2022-07-30 16:00:00.001782-05:00,20,41,11,61,31,16,4,14,2,2,4,5,6,1
2022-07-30 17:00:00.000704-05:00,21,27,8,78,27,17,1,22,3,6,8,12,5,1
2022-07-30 18:00:00.004533-05:00,19,29,11,74,31,10,0,16,4,6,5,5,8,0
2022-07-30 19:00:00.005027-05:00,36,44,9,74,32,11,4,21,1,11,10,8,10,0
2022-07-30 20:00:00.004675-05:00,31,54,29,84,58,25,8,24,4,9,11,14,11,3
2022-07-30 21:00:00.017654-05:00,38,44,19,87,39,18,2,22,2,5,6,8,12,1
2022-07-30 22:00:00.001836-05:00,20,34,10,68,36,14,6,17,4,8,7,12,5,2
2022-07-30 23:00:00.033700-05:00,32,44,17,75,47,18,4,35,1,5,6,12,4,1
2022-07-31 00:00:00.015283-05:00,20,20,12,46,29,11,5,15,2,9,6,6,8,2
2022-07-31 01:00:00.006102-05:00,27,30,20,55,44,18,5,17,2,14,6,18,8,1
2022-07-31 02:00:00.013598-05:00,24,23,13,51,36,14,1,20,2,4,9,12,9,0
2022-07-31 03:00:00.011454-05:00,21,20,10,47,33,6,3,18,3,2,2,7,2,2
2022-07-31 04:00:00.001231-05:00,12,14,15,56,37,15,11,20,1,10,4,5,2,1
2022-07-31 05:00:00.003478-05:00,22,29,13,63,30,21,7,27,2,11,8,7,8,3
2022-07-31 06:00:00.003193-05:00,16,28,28,76,73,15,5,48,2,6,12,21,4,1
2022-07-31 07:00:00.000034-05:00,22,33,16,76,48,13,2,31,2,7,22,10,8,2
2022-07-31 08:00:00.000203-05:00,35,53,25,80,43,18,4,31,3,11,14,9,3,1
2022-07-31 09:00:00.001026-05:00,43,55,31,128,69,31,10,60,10,11,13,18,19,4
2022-07-31 10:00:00.027866-05:00,41,61,33,156,71,31,14,56,4,15,18,15,13,3
2022-07-31 11:00:00.000032-05:00,47,77,25,132,59,27,6,52,11,3,19,12,12,4
2022-07-31 12:00:00.003227-05:00,42,60,30,111,63,34,12,35,3,12,10,13,16,2
2022-07-31 13:00:00.007349-05:00,45,73,35,108,68,30,9,49,7,10,18,23,12,0
2022-07-31 14:00:00.012030-05:00,42,58,21,86,54,22,5,30,5,8,10,7,11,6
2022-07-31 15:00:00.009059-05:00,38,67,16,80,41,13,4,24,7,5,10,11,10,1
2022-07-31 16:00:00.033206-05:00,28,56,16,95,50,18,4,36,5,3,14,8,10,4
2022-07-31 17:00:00.000067-05:00,33,57,10,109,50,19,0,30,9,6,18,8,12,2
2022-07-31 18:00:00.001852-05:00,42,53,8,90,47,16,7,27,4,8,19,7,18,3
2022-07-31 19:00:00.024447-05:00,48,73,18,112,73,42,6,45,12,7,14,26,18,2
2022-07-31 20:00:00.000637-05:00,53,51,28,90,58,25,11,34,5,9,7,10,14,2
2022-07-31 21:00:00.033852-05:00,47,43,28,78,52,23,6,27,12,15,19,15,7,7
2022-07-31 22:00:00.032673-05:00,38,53,41,97,73,30,6,34,13,14,23,15,9,2
2022-07-31 23:00:00.001964-05:00,33,46,43,90,70,32,9,32,4,8,9,20,9,2
2022-08-01 00:00:00.000036-05:00,22,59,31,60,29,10,9,17,3,9,8,11,5,3
2022-08-01 01:00:00.017950-05:00,25,29,27,65,39,10,7,21,1,6,4,13,13,1
2022-08-01 02:00:00.007613-05:00,21,32,40,55,36,23,8,18,5,8,6,8,5,3
2022-08-01 03:00:00.000128-05:00,23,32,43,75,70,16,2,37,3,4,10,7,7,2
2022-08-01 04:00:00.015692-05:00,35,62,36,73,43,19,5,29,3,6,10,5,3,0
2022-08-01 05:00:00.008629-05:00,54,59,129,118,88,21,8,51,6,16,25,16,8,2
2022-08-01 06:00:00.013741-05:00,75,101,87,186,86,40,9,62,14,18,29,13,15,8
2022-08-01 07:00:00.015276-05:00,69,125,89,234,108,38,7,69,9,10,17,26,15,6
2022-08-01 08:00:00.021877-05:00,199,228,136,736,205,124,23,177,11,25,53,41,18,11
2022-08-01 09:00:00.015627-05:00,314,300,104,757,240,157,52,144,16,18,37,55,30,5
2022-08-01 10:00:00.014010-05:00,299,345,116,686,292,126,47,222,26,49,57,52,32,5
2022-08-01 11:00:00.001618-05:00,263,291,96,542,279,123,33,176,9,55,37,54,30,3
2022-08-01 12:00:00.002676-05:00,185,195,91,518,242,89,18,159,5,28,31,34,19,3
2022-08-01 14:00:00.000007-05:00,252,315,55,381,161,84,21,119,15,21,31,31,9,2
2022-08-01 15:00:00.000046-05:00,195,181,46,267,160,69,18,111,3,25,27,29,15,1
2022-08-01 17:00:00.040924-05:00,88,94,24,176,72,31,14,57,6,20,19,26,15,0
2022-08-01 18:00:00.041027-05:00,96,94,15,139,52,21,8,31,4,6,17,13,9,3
2022-08-01 19:00:00.041120-05:00,70,129,28,192,70,27,5,35,5,9,21,14,8,2
2022-08-01 20:00:00.015161-05:00,69,77,23,126,73,39,13,30,4,16,24,12,10,3
2022-08-01 22:00:00.085846-05:00,51,81,23,107,66,41,12,48,7,16,16,28,15,0
2022-08-01 23:00:00.000700-05:00,49,70,38,112,98,53,9,61,6,22,23,31,16,2
2022-08-02 00:00:00.000661-05:00,44,47,28,97,58,36,4,44,3,15,17,16,7,1
2022-08-02 01:00:00.001149-05:00,33,44,18,65,35,15,6,21,3,7,10,8,8,1
2022-08-02 02:00:00.009751-05:00,27,55,24,84,57,26,6,43,3,5,13,8,6,0
2022-08-02 03:00:00.010268-05:00,30,30,16,66,52,20,4,24,1,9,11,6,4,2
2022-08-02 04:00:00.000092-05:00,33,42,22,63,42,19,1,29,6,6,7,5,4,4
2022-08-02 05:00:00.000139-05:00,48,63,13,87,46,20,7,26,5,11,15,17,8,3
2022-08-02 06:00:00.000020-05:00,71,87,35,155,114,53,11,74,4,17,31,37,15,1
2022-08-02 07:00:00.028317-05:00,113,144,53,248,150,52,8,79,7,21,41,34,19,5
2022-08-02 08:00:00.000061-05:00,160,231,66,402,222,105,41,159,29,31,40,49,30,3
2022-08-02 09:00:00.000234-05:00,202,345,82,513,245,125,53,158,27,51,29,37,32,8
2022-08-02 10:00:00.000010-05:00,191,317,101,371,164,120,39,129,28,74,36,28,19,5
2022-08-02 11:00:00.002350-05:00,330,361,77,497,180,137,29,133,16,64,61,39,18,10
2022-08-02 12:00:00.002559-05:00,222,289,79,525,244,107,19,166,18,33,42,48,26,2
2022-08-02 13:00:00.004244-05:00,146,302,58,354,203,89,16,147,20,34,60,59,12,3
2022-08-02 14:00:00.004375-05:00,165,289,38,302,140,69,6,110,13,36,74,33,17,2
2022-08-02 15:00:00.036745-05:00,125,197,31,262,127,72,5,84,356,20,576,24,10,3
2022-08-02 16:00:00.000008-05:00,68,133,22,169,89,42,4,56,132,18,171,13,14,3
2022-08-02 19:00:00.020717-05:00,73,107,15,146,88,33,4,32,31,13,51,11,10,0
2022-08-02 20:00:00.009555-05:00,65,102,21,109,59,32,11,53,30,11,43,12,11,1
2022-08-02 21:00:00.010454-05:00,75,92,25,105,75,52,15,45,32,20,43,17,4,2
2022-08-02 22:00:00.044288-05:00,54,91,30,116,78,36,16,38,24,20,34,18,15,2
2022-08-03 12:00:00.042032-05:00,128,303,60,375,291,74,14,145,50,41,64,26,24,9
2022-08-03 13:00:00.041553-05:00,137,299,47,399,214,69,26,127,55,39,71,38,16,8
2022-08-03 15:00:00.000329-05:00,127,276,64,368,186,56,12,137,61,23,56,54,20,7
2022-08-03 16:00:00.000040-05:00,73,177,38,254,129,34,14,96,31,28,42,42,16,3
2022-08-03 17:00:00.001250-05:00,75,185,21,189,96,29,17,57,29,20,26,28,8,5
2022-08-03 18:00:00.000556-05:00,78,139,15,167,59,27,10,40,11,13,18,21,7,3
2022-08-03 19:00:00.033982-05:00,82,188,24,154,76,22,3,45,32,6,28,44,8,3
2022-08-03 20:00:00.004386-05:00,66,177,16,143,71,28,6,49,21,14,12,10,14,0
2022-08-03 21:00:00.013057-05:00,73,133,26,135,59,27,7,37,23,17,18,24,6,2
2022-08-03 22:00:00.034745-05:00,49,128,21,103,50,22,11,31,19,24,15,35,12,4
2022-08-03 23:00:00.008557-05:00,45,77,22,91,49,19,11,33,14,22,17,19,7,8
2022-08-04 00:00:00.012546-05:00,35,70,35,89,64,22,11,40,8,16,16,23,11,4
2022-08-04 01:00:00.000757-05:00,36,69,18,76,40,15,13,14,11,8,12,11,7,4
2022-08-04 02:00:00.005708-05:00,27,49,20,62,30,11,7,14,7,5,9,15,2,2
2022-08-04 03:00:00.012773-05:00,26,93,11,91,35,9,7,19,8,8,13,3,6,5
2022-08-04 04:00:00.034316-05:00,34,83,16,98,36,14,9,20,7,9,8,15,5,4
2022-08-04 05:00:00.065504-05:00,47,115,18,127,74,21,10,34,20,15,8,16,4,5
2022-08-04 06:00:00.034341-05:00,89,415,37,167,95,24,6,44,20,15,22,14,3,36
2022-08-04 07:00:00.000409-05:00,90,333,30,206,89,21,6,50,29,13,17,19,11,22
2022-08-04 08:00:00.001496-05:00,174,552,89,438,233,87,24,162,93,32,43,43,23,21
2022-08-04 09:00:00.001019-05:00,181,418,113,489,235,108,34,154,60,37,43,49,20,7
2022-08-04 10:00:00.084842-05:00,197,373,102,471,211,107,28,173,52,27,45,47,16,10
2022-08-04 11:00:00.031652-05:00,136,282,72,342,200,80,40,214,51,17,26,29,21,6
2022-08-04 12:00:00.050497-05:00,132,387,63,319,182,69,13,127,51,22,30,25,13,7
2022-08-04 13:00:00.000554-05:00,108,363,48,361,181,69,16,127,27,23,34,38,25,8
2022-08-04 14:00:00.001225-05:00,78,374,43,307,117,63,9,106,28,12,23,20,14,5
2022-08-04 15:00:00.051243-05:00,109,994,25,211,99,41,10,68,15,17,22,18,21,7
2022-08-04 16:00:00.000352-05:00,99,995,20,283,76,35,6,55,10,11,13,31,16,4
2022-08-04 17:00:00.001100-05:00,76,700,18,833,67,30,11,72,11,13,19,33,9,4
2022-08-04 18:00:00.051109-05:00,70,482,14,423,71,26,11,57,8,17,17,46,9,1
2022-08-04 19:00:00.002845-05:00,71,388,14,221,72,28,4,53,7,3,15,17,10,2
2022-08-04 20:00:00.009799-05:00,85,317,19,216,64,28,4,38,6,14,8,20,10,2
2022-08-04 21:00:00.001329-05:00,76,263,30,194,73,38,14,46,9,16,13,27,10,2
2022-08-04 22:00:00.000513-05:00,51,160,28,157,62,27,8,39,9,13,15,29,6,3
2022-08-04 23:00:00.004034-05:00,49,153,24,143,47,21,10,19,10,18,8,18,7,1
2022-08-05 00:00:00.001665-05:00,28,121,13,116,40,12,1,23,8,6,8,16,6,3
2022-08-05 01:00:00.000025-05:00,28,141,7,128,37,16,2,16,2,5,8,12,2,3
2022-08-05 02:00:00.000335-05:00,32,96,15,95,33,6,2,17,3,6,2,14,1,4
2022-08-05 03:00:00.007765-05:00,39,107,9,106,41,13,2,25,1,8,5,8,4,0
2022-08-05 04:00:00.035412-05:00,29,91,9,99,36,8,2,19,5,4,2,12,4,1
2022-08-05 05:00:00.000199-05:00,59,169,21,166,57,14,7,19,6,14,15,40,7,2
2022-08-05 06:00:00.002884-05:00,68,210,30,194,83,23,7,45,15,18,21,27,7,2
2022-08-05 07:00:00.005184-05:00,106,305,43,299,157,58,10,327,14,20,20,45,16,5
2022-08-05 08:00:00.004180-05:00,130,472,60,426,209,84,21,226,26,28,23,57,22,4
2022-08-05 09:00:00.004995-05:00,191,396,63,518,174,89,49,199,33,144,30,77,22,6
2022-08-05 10:00:00.000087-05:00,137,527,72,692,181,72,22,208,20,51,23,69,10,6
2022-08-05 11:00:00.006062-05:00,197,817,62,680,206,55,14,171,11,60,25,114,27,5
2022-08-05 12:00:00.000044-05:00,227,997,62,460,191,59,14,151,20,45,24,80,10,6
2022-08-05 13:00:00.000002-05:00,308,996,40,496,127,45,14,105,18,32,18,89,14,8
2022-08-05 14:00:00.000058-05:00,181,797,28,512,106,39,20,76,13,40,10,76,12,2
2022-08-05 15:00:00.003305-05:00,199,563,30,512,108,47,16,70,9,35,12,47,5,2
2022-08-05 16:00:00.035278-05:00,97,332,21,298,72,26,4,54,7,34,15,31,14,1
2022-08-05 17:00:00.051008-05:00,137,300,24,217,61,30,10,57,4,34,9,49,8,0
2022-08-05 18:00:00.052024-05:00,101,248,11,192,50,23,4,39,2,18,9,15,5,2
2022-08-05 19:00:00.008255-05:00,67,228,13,157,39,11,8,29,7,22,8,23,5,1
2022-08-05 20:00:00.000048-05:00,62,264,7,124,30,11,8,24,4,15,6,17,9,1
2022-08-05 21:00:00.002684-05:00,62,198,17,87,35,11,7,17,10,17,4,13,5,1
2022-08-05 22:00:00.000875-05:00,57,125,20,98,22,21,9,27,7,26,14,14,8,3
2022-08-05 23:00:00.001089-05:00,38,84,17,63,29,13,7,19,4,18,7,16,7,3
2022-08-06 00:00:00.002173-05:00,41,73,20,96,26,14,4,18,7,13,14,11,7,0
2022-08-06 01:00:00.000013-05:00,33,83,8,81,18,5,6,16,2,6,7,4,6,2
2022-08-06 02:00:00.002006-05:00,17,46,11,49,26,6,2,17,0,8,0,8,1,0
2022-08-06 03:00:00.001377-05:00,22,51,13,27,8,4,4,9,3,4,0,8,1,0
2022-08-06 04:00:00.001153-05:00,19,47,8,37,11,7,5,15,4,6,5,5,2,2
2022-08-06 05:00:00.058596-05:00,21,49,13,50,21,7,14,20,3,19,10,10,6,1
2022-08-06 06:00:00.002492-05:00,29,72,23,74,29,12,13,23,6,28,6,15,6,1
2022-08-06 07:00:00.002574-05:00,41,98,12,98,34,12,11,27,6,13,5,17,5,6
2022-08-06 08:00:00.001943-05:00,52,144,23,137,57,29,11,53,3,37,22,13,3,3
2022-08-06 09:00:00.000021-05:00,66,170,29,140,63,30,10,53,4,32,22,28,5,3
2022-08-06 10:00:00.001302-05:00,62,251,29,178,55,33,10,43,12,30,15,32,9,5
2022-08-06 11:00:00.073929-05:00,67,341,32,155,53,25,14,41,3,29,14,51,10,1
2022-08-06 12:00:00.001957-05:00,54,332,22,143,48,20,11,37,7,20,16,44,9,1
2022-08-06 13:00:00.018631-05:00,62,295,20,141,24,13,5,24,5,24,11,38,9,2
2022-08-06 14:00:00.002012-05:00,44,191,31,106,38,11,7,26,15,20,6,43,3,1
2022-08-06 15:00:00.000044-05:00,43,230,13,98,30,6,7,20,5,12,7,25,3,4
2022-08-06 16:00:00.000073-05:00,41,185,17,98,23,10,10,18,1,16,4,28,4,2
2022-08-06 17:00:00-05:00,60,175,11,95,29,11,5,16,2,12,3,19,0,2
2022-08-06 18:00:00.000044-05:00,38,147,11,79,33,9,3,25,3,8,7,16,4,0
2022-08-06 20:00:00.008917-05:00,27,132,23,95,32,19,6,22,7,13,15,16,6,1
2022-08-06 21:00:00.008205-05:00,29,174,15,134,27,18,7,17,5,13,6,7,4,2
2022-08-06 22:00:00.007731-05:00,26,107,9,61,17,9,3,11,5,8,8,19,4,4
2022-08-06 23:00:00.011595-05:00,42,103,26,98,48,33,13,24,1,14,6,25,4,0
2022-08-07 00:00:00.007762-05:00,17,79,13,56,25,14,7,10,5,8,7,12,1,1
2022-08-07 01:00:00.008674-05:00,20,69,10,31,18,7,1,11,0,9,1,8,3,1
2022-08-07 02:00:00.007880-05:00,19,83,7,65,16,6,5,9,3,3,5,3,1,0
2022-08-07 03:00:00.008381-05:00,14,50,4,34,7,5,2,2,0,0,1,5,0,0
2022-08-07 04:00:00.008148-05:00,23,64,12,60,34,14,4,26,1,8,13,13,6,2
2022-08-07 05:00:00.000857-05:00,18,74,14,54,30,13,6,20,2,13,7,15,7,2
2022-08-07 06:00:00.009920-05:00,19,70,17,74,45,9,7,30,5,18,17,14,6,0
2022-08-07 07:00:00.008895-05:00,43,125,22,108,43,11,9,28,4,19,9,14,0,3
2022-08-07 08:00:00.008927-05:00,43,161,45,98,53,29,12,43,2,21,9,16,2,1
2022-08-07 09:00:00.008325-05:00,57,160,72,116,64,22,8,54,11,14,16,37,3,5
2022-08-07 10:00:00.009927-05:00,54,156,15,136,48,22,18,41,5,37,6,36,1,2
2022-08-07 11:00:00.013367-05:00,58,170,28,164,96,37,16,57,7,35,14,27,9,3
2022-08-07 12:00:00.007979-05:00,63,167,37,161,115,33,22,58,7,32,24,29,10,1
2022-08-07 13:00:00.008261-05:00,63,196,21,164,62,18,15,35,5,34,14,16,6,1
2022-08-07 14:00:00.010533-05:00,57,177,28,152,56,23,25,34,8,38,12,16,3,5
2022-08-07 15:00:00.007828-05:00,59,145,16,164,69,22,13,38,2,22,6,17,4,3
2022-08-07 16:00:00.058328-05:00,43,157,18,134,53,29,14,39,3,23,6,19,6,0
2022-08-07 17:00:00.008142-05:00,58,156,17,154,60,25,12,36,2,23,6,14,7,2
2022-08-07 18:00:00.107919-05:00,56,146,10,105,35,15,11,26,7,27,3,10,4,2
2022-08-07 19:00:00.035516-05:00,49,135,15,105,44,21,12,23,1,28,10,10,4,0
2022-08-07 20:00:00.085780-05:00,56,145,43,128,41,31,12,27,4,31,6,18,6,1
2022-08-07 21:00:00.000007-05:00,42,154,19,101,50,14,15,40,8,30,9,5,5,2
2022-08-07 22:00:00.002196-05:00,34,130,21,94,40,13,12,26,3,22,8,11,11,0
2022-08-07 23:00:00.000014-05:00,50,143,31,126,60,22,6,21,2,17,10,12,9,1
2022-08-08 00:00:00.035970-05:00,29,79,25,97,59,17,4,29,4,14,16,23,11,2
2022-08-08 01:00:00.000042-05:00,34,88,17,65,23,14,8,23,5,22,4,9,1,3
2022-08-08 02:00:00.035963-05:00,20,89,7,59,24,11,8,15,0,12,9,5,2,3
2022-08-08 03:00:00.000019-05:00,36,147,21,116,33,18,5,45,5,22,4,5,3,1
2022-08-08 04:00:00.006879-05:00,21,84,9,71,33,11,5,12,9,16,6,13,7,8
2022-08-08 05:00:00.036254-05:00,42,115,16,88,38,8,9,14,2,35,7,8,3,2
2022-08-08 06:00:00.036135-05:00,96,404,26,175,84,32,15,32,5,381,7,15,7,3
2022-08-08 07:00:00.036379-05:00,134,453,38,211,108,25,17,66,7,305,19,23,14,5
2022-08-08 08:00:00.000022-05:00,788,987,42,437,171,973,33,139,15,262,22,45,8,4
2022-08-08 09:00:00.000025-05:00,477,929,67,453,202,389,31,128,27,148,31,40,11,5
2022-08-08 19:00:00.000525-05:00,88,181,7,120,52,71,7,39,3,20,6,11,10,0
2022-08-08 20:00:00.000025-05:00,62,161,26,121,55,62,11,35,14,24,6,22,19,3
2022-08-08 21:00:00.000007-05:00,61,148,29,145,49,47,8,35,10,27,10,10,9,3
2022-08-08 22:00:00.000160-05:00,56,171,21,215,67,43,12,46,3,30,8,13,8,1
2022-08-08 23:00:00.001795-05:00,53,101,18,104,25,30,9,15,3,23,4,7,3,0
2022-08-09 00:00:00.042502-05:00,32,67,11,72,33,29,6,18,5,9,11,5,4,1
2022-08-09 01:00:00.000063-05:00,33,102,12,78,19,32,3,16,0,14,5,5,4,0
2022-08-09 02:00:00.003302-05:00,29,65,15,61,21,33,6,15,5,14,7,5,3,4
2022-08-09 03:00:00.003280-05:00,31,85,11,62,24,33,4,17,10,22,5,6,2,1
2022-08-09 04:00:00.000084-05:00,48,91,8,97,26,35,7,20,7,13,3,4,5,3
2022-08-09 05:00:00.000025-05:00,66,160,19,138,64,62,13,27,3,33,7,10,6,4
2022-08-09 06:00:00.001520-05:00,83,172,24,160,85,98,23,32,9,43,7,6,9,2
2022-08-09 07:00:00.010712-05:00,127,277,40,240,97,175,29,48,8,56,15,17,19,4
2022-08-09 08:00:00.000066-05:00,173,450,63,395,153,235,31,94,14,61,16,29,38,7
2022-08-09 09:00:00.000035-05:00,171,449,56,449,178,222,36,111,20,70,15,39,21,7
2022-08-09 10:00:00.005380-05:00,165,325,60,363,253,240,42,95,14,67,22,46,27,2
2022-08-09 11:00:00.016296-05:00,138,419,78,499,212,242,44,105,15,61,27,55,27,5
2022-08-09 14:00:00.011816-05:00,123,325,64,422,185,113,58,100,9,54,30,60,38,1
2022-08-09 15:00:00.013636-05:00,117,243,53,295,154,126,317,85,7,56,21,63,19,4
2022-08-09 17:00:00.014256-05:00,68,204,17,160,69,58,59,48,5,27,7,36,13,1
2022-08-09 18:00:00.082830-05:00,42,151,21,150,41,45,32,20,5,25,7,23,5,2
2022-08-09 19:00:00.020185-05:00,49,146,12,125,56,38,35,31,3,25,10,17,5,1
2022-08-09 20:00:00.016546-05:00,78,159,29,820,72,46,21,46,14,28,6,149,4,0
2022-08-09 21:00:00.125349-05:00,64,145,29,718,58,41,31,29,10,17,8,139,12,3
2022-08-09 22:00:00.064469-05:00,42,131,19,506,38,37,19,26,6,19,6,127,11,1
2022-08-09 23:00:00.020982-05:00,36,78,10,261,16,17,11,13,6,7,5,55,4,2
2022-08-10 00:00:00.198917-05:00,16,80,23,250,23,13,18,14,3,9,7,26,3,0
2022-08-10 01:00:00.013625-05:00,35,42,19,177,25,16,9,18,1,11,6,30,2,1
2022-08-10 02:00:00.133052-05:00,26,64,20,189,42,17,10,26,2,15,14,21,4,0
2022-08-10 03:00:00.013697-05:00,26,75,13,178,34,16,10,11,1,9,4,37,6,2
2022-08-10 04:00:00.000014-05:00,34,77,18,189,33,7,6,15,3,13,4,41,0,1
2022-08-10 05:00:00.012423-05:00,43,72,10,217,41,21,12,33,3,10,5,69,4,3
2022-08-10 06:00:00.000646-05:00,74,173,39,313,81,38,42,36,6,24,8,76,9,2
2022-08-10 07:00:00.001448-05:00,116,282,28,499,125,65,106,88,3,43,8,96,11,6
2022-08-10 08:00:00.010609-05:00,180,396,63,724,213,117,109,157,5,52,16,109,18,4
2022-08-10 09:00:00.000487-05:00,161,449,72,748,226,130,76,146,16,38,28,100,28,7
2022-08-10 10:00:00.003634-05:00,175,389,77,465,239,122,125,107,15,36,31,78,20,3
2022-08-10 11:00:00.014067-05:00,193,358,73,460,260,131,115,109,7,44,50,73,17,5
2022-08-10 12:00:00.003057-05:00,177,345,67,404,261,83,134,102,12,43,23,66,24,9
2022-08-10 13:00:00.072580-05:00,210,467,54,406,242,82,121,68,7,34,30,60,16,2
2022-08-10 14:00:00.028513-05:00,206,373,45,339,215,91,157,81,11,25,20,63,24,5
2022-08-10 15:00:00.016781-05:00,114,261,38,306,154,72,57,70,3,19,15,54,18,2
2022-08-10 16:00:00.000251-05:00,85,156,29,247,112,63,24,53,15,12,16,37,10,1
2022-08-10 17:00:00.000473-05:00,77,137,31,214,112,56,17,47,10,17,6,41,11,4
2022-08-10 19:00:00.013627-05:00,51,180,9,201,96,42,15,49,4,10,11,23,8,2
2022-08-10 20:00:00.013555-05:00,91,182,43,215,98,40,15,48,7,12,9,17,9,3
2022-08-10 21:00:00.013985-05:00,95,191,27,139,55,24,20,28,14,17,11,29,5,1
2022-08-10 22:00:00.000038-05:00,52,127,31,118,58,24,29,23,20,21,9,30,1,5
2022-08-10 23:00:00.003661-05:00,50,86,17,112,35,19,8,20,4,9,6,12,3,0
2022-08-11 00:00:00.013778-05:00,35,103,18,148,57,24,4,30,5,16,12,21,9,3
2022-08-11 01:00:00.064213-05:00,37,68,24,107,51,19,6,35,7,16,11,26,10,3
2022-08-11 02:00:00.013269-05:00,16,39,4,68,27,6,2,9,3,6,10,8,1,3
2022-08-11 03:00:00.062916-05:00,22,90,12,89,30,14,3,18,2,5,12,3,5,2
2022-08-11 04:00:00.013836-05:00,24,85,23,98,40,18,14,25,7,17,9,10,7,3
2022-08-11 05:00:00.013962-05:00,54,87,23,110,61,21,12,33,4,18,13,20,7,3
2022-08-11 06:00:00.013693-05:00,74,173,50,155,122,41,10,52,12,24,12,27,13,2
2022-08-11 07:00:00.013908-05:00,78,192,48,237,145,77,34,95,11,38,23,36,12,3
2022-08-11 08:00:00.014123-05:00,164,365,103,407,219,158,78,144,22,49,33,69,31,9
2022-08-11 09:00:00.020182-05:00,172,501,126,451,251,194,128,112,35,47,34,63,17,15
2022-08-11 10:00:00.013200-05:00,195,386,103,470,207,111,77,120,12,40,24,35,24,3
2022-08-11 11:00:00.034559-05:00,197,348,110,445,186,78,65,92,17,40,22,54,33,5
2022-08-11 12:00:00.002655-05:00,145,374,70,376,210,80,43,115,86,25,34,54,36,13
2022-08-11 13:00:00.027204-05:00,139,327,59,331,184,87,32,112,60,43,20,59,32,8
2022-08-11 14:00:00.032146-05:00,124,397,60,331,192,98,33,90,31,35,30,33,23,3
2022-08-11 15:00:00.000660-05:00,106,275,76,306,165,81,23,86,25,35,23,35,22,7
2022-08-11 16:00:00.000023-05:00,95,174,66,238,134,50,25,56,23,29,20,26,29,6
2022-08-11 17:00:00.000007-05:00,92,188,38,186,87,35,15,46,17,16,11,18,17,2
2022-08-11 18:00:00.000042-05:00,63,142,20,158,66,37,5,28,22,12,4,13,11,2
2022-08-11 20:00:00.010680-05:00,45,125,26,128,53,25,4,21,12,5,22,16,3,2
2022-08-11 21:00:00.021460-05:00,57,131,23,116,52,15,7,21,6,17,9,9,9,3
2022-08-12 02:00:00.001331-05:00,37,85,24,88,46,16,3,24,10,10,6,9,4,4
2022-08-12 03:00:00.004522-05:00,44,116,19,69,52,18,5,29,6,13,5,7,1,3
2022-08-12 11:00:00.026837-05:00,172,321,73,492,298,98,28,120,23,40,31,43,12,10
2022-08-12 12:00:00.000035-05:00,139,396,73,361,227,90,33,105,10,44,21,26,15,8
2022-08-12 13:00:00.004589-05:00,142,504,70,527,226,69,29,102,33,32,30,43,18,7
2022-08-12 14:00:00.075865-05:00,191,506,53,510,293,77,86,111,13,32,24,28,21,31
2022-08-12 15:00:00.008188-05:00,83,271,31,378,200,69,25,85,11,20,20,27,24,6
2022-08-12 16:00:00.026647-05:00,61,201,32,213,107,52,14,49,9,14,14,15,12,6
2022-08-12 17:00:00.000022-05:00,77,168,19,164,92,43,7,34,2,14,12,11,13,3
2022-08-12 18:00:00.000599-05:00,45,116,13,150,86,33,8,33,7,6,13,10,6,1
2022-08-12 19:00:00.000013-05:00,37,147,17,174,69,27,5,22,4,10,7,10,3,0
2022-08-12 20:00:00.032602-05:00,35,101,14,135,69,31,5,20,6,9,8,8,6,1
2022-08-12 21:00:00.032266-05:00,26,102,19,112,61,26,6,26,8,7,12,11,7,2
2022-08-12 22:00:00.033246-05:00,32,119,24,94,51,15,5,21,2,13,5,8,2,0
2022-08-12 23:00:00.033973-05:00,43,105,18,104,49,17,6,22,6,10,13,6,5,1
2022-08-13 00:00:00.032696-05:00,14,71,12,73,43,18,5,24,4,6,7,6,7,4
2022-08-13 01:00:00.009735-05:00,28,76,20,98,69,28,1,38,4,10,10,21,9,2
2022-08-13 02:00:00.000208-05:00,25,101,19,107,48,16,2,27,4,13,11,12,8,2
2022-08-13 03:00:00.000312-05:00,23,43,7,54,30,12,1,12,1,8,7,3,0,2
2022-08-13 04:00:00.000051-05:00,15,45,8,55,32,17,3,14,2,7,6,3,2,0
2022-08-13 05:00:00.000002-05:00,19,45,8,73,38,7,1,12,10,6,2,3,1,1
2022-08-13 06:00:00.032046-05:00,23,52,10,98,51,15,4,19,1,11,5,5,2,2
2022-08-13 07:00:00.032025-05:00,44,210,14,107,60,23,8,31,2,14,10,5,10,2
2022-08-13 08:00:00.031832-05:00,65,248,46,170,108,35,4,69,9,27,3,13,9,4
2022-08-13 09:00:00.031613-05:00,58,252,36,179,118,45,4,66,6,18,11,19,6,2
2022-08-13 10:00:00.036540-05:00,40,137,29,152,84,33,6,40,5,13,7,11,3,3
2022-08-13 11:00:00.031504-05:00,55,155,26,125,73,33,12,31,4,16,4,10,9,1
2022-08-13 12:00:00.032225-05:00,43,166,25,130,49,15,9,20,8,13,4,5,4,3
2022-08-13 13:00:00.032450-05:00,57,186,30,154,68,17,8,40,7,16,6,8,4,2
2022-08-13 14:00:00.031324-05:00,44,160,29,113,64,30,6,36,5,22,9,8,5,1
2022-08-13 15:00:00.081625-05:00,44,149,19,125,60,11,2,26,5,7,4,14,3,1
2022-08-13 16:00:00.031680-05:00,45,112,16,93,54,17,2,32,2,8,1,9,5,2
2022-08-13 17:00:00.082008-05:00,36,127,6,80,31,14,3,15,1,9,4,9,5,2
2022-08-13 18:00:00.032184-05:00,28,178,9,64,34,8,1,8,1,9,2,5,5,3
2022-08-13 19:00:00.032304-05:00,35,179,10,77,44,9,2,11,2,12,6,10,6,4
2022-08-13 20:00:00.000696-05:00,24,155,21,122,46,13,4,14,2,14,9,10,4,2
2022-08-13 21:00:00.003374-05:00,29,103,8,81,34,14,2,7,0,6,6,10,1,0
2022-08-13 22:00:00.002072-05:00,23,108,12,71,31,8,4,8,2,7,4,9,3,2
2022-08-14 18:00:00.081552-05:00,49,177,15,160,86,34,3,49,11,9,10,14,13,2
2022-08-14 19:00:00.031436-05:00,53,142,28,146,72,35,4,38,3,13,17,12,13,1
2022-08-14 20:00:00.034836-05:00,43,152,35,152,75,27,5,40,8,10,14,15,14,6
2022-08-14 21:00:00.000771-05:00,48,126,30,114,64,30,6,30,6,15,16,11,8,5
2022-08-14 22:00:00.032161-05:00,38,123,35,122,54,25,13,27,5,16,10,9,6,2
2022-08-14 23:00:00.001468-05:00,51,112,38,100,50,23,9,36,1,23,12,4,2,4
2022-08-15 00:00:00.033701-05:00,23,128,25,95,41,21,4,20,3,12,11,3,4,1
2022-08-15 01:00:00.000040-05:00,25,73,14,56,35,11,2,12,4,4,5,4,4,3
2022-08-15 02:00:00.028880-05:00,30,80,13,66,45,15,2,16,3,7,8,3,3,0
2022-08-15 03:00:00.041414-05:00,25,65,9,71,28,6,4,15,3,3,5,3,2,3
2022-08-15 04:00:00.001962-05:00,43,76,37,98,59,21,5,24,2,17,6,4,4,0
2022-08-15 05:00:00.021740-05:00,63,127,49,152,95,35,7,49,2,18,10,14,11,4
2022-08-15 06:00:00.000129-05:00,71,171,79,242,147,58,7,84,8,33,18,22,13,4
2022-08-15 07:00:00.000027-05:00,100,212,73,266,167,60,13,112,7,25,26,27,37,11
2022-08-15 08:00:00.032139-05:00,164,341,100,521,266,127,24,148,31,31,30,54,28,11
2022-08-15 09:00:00.032173-05:00,125,427,85,500,290,107,16,140,20,31,29,64,33,7
2022-08-15 10:00:00.031599-05:00,129,355,96,687,307,104,43,139,18,42,49,46,31,6
2022-08-15 11:00:00.033079-05:00,215,385,89,786,356,113,139,124,5,44,20,50,24,7
2022-08-15 12:00:00.033787-05:00,107,260,77,601,253,80,24,103,19,32,20,34,21,6
2022-08-15 13:00:00.032037-05:00,150,306,76,440,224,98,13,104,5,49,18,45,27,7
2022-08-15 14:00:00.034967-05:00,122,288,63,375,245,113,23,117,20,38,29,50,24,3
2022-08-15 15:00:00.032138-05:00,128,262,75,345,234,75,9,135,7,27,32,38,27,4
2022-08-15 16:00:00.011373-05:00,54,111,29,255,162,50,11,76,3,17,14,23,15,0
2022-08-15 17:00:00.069784-05:00,53,134,31,257,144,47,14,98,0,24,9,39,19,8
2022-08-15 18:00:00.040040-05:00,69,156,25,209,149,51,4,71,4,11,18,42,17,3
2022-08-15 20:00:00.033978-05:00,78,133,23,161,100,32,3,49,7,14,16,18,12,0
2022-08-15 21:00:00.008188-05:00,53,160,18,162,102,21,4,50,4,8,11,17,9,1
2022-08-15 22:00:00.034112-05:00,43,85,20,138,114,20,9,35,0,16,12,10,10,1
2022-08-15 23:00:00.037355-05:00,47,80,24,114,66,20,7,31,1,22,9,16,7,1
2022-08-16 00:00:00.060011-05:00,24,58,27,77,61,12,13,30,2,10,7,9,5,4
2022-08-16 01:00:00.003026-05:00,25,57,22,81,71,14,4,10,1,7,6,7,5,0
2022-08-16 02:00:00.000617-05:00,30,49,16,81,62,9,2,30,8,8,11,4,5,2
2022-08-16 03:00:00.000006-05:00,43,98,28,147,78,30,5,39,2,19,11,16,9,0
2022-08-16 04:00:00.021762-05:00,31,63,33,113,92,21,3,40,0,11,9,14,8,4
2022-08-16 05:00:00.021566-05:00,50,64,22,79,80,14,6,31,0,7,6,13,2,1
2022-08-16 06:00:00.001583-05:00,72,140,43,210,139,38,4,64,3,12,20,17,8,2
2022-08-16 07:00:00.061675-05:00,78,140,27,239,154,68,13,115,9,20,32,26,6,5
2022-08-16 08:00:00.037286-05:00,127,303,53,447,217,91,24,160,21,34,35,38,23,8
2022-08-16 10:00:00.003589-05:00,1001,729,77,440,265,120,128,179,18,40,35,48,21,10
2022-08-16 11:00:00.000187-05:00,506,453,58,338,199,80,53,224,23,35,22,27,19,7
2022-08-16 12:00:00.015298-05:00,398,538,88,389,234,90,103,206,72,27,27,57,27,5
2022-08-16 13:00:00.028209-05:00,337,527,56,368,183,70,32,161,37,28,20,19,19,2
2022-08-16 14:00:00.040160-05:00,209,344,70,366,207,55,22,110,33,48,27,23,21,5
2022-08-16 16:00:00.017805-05:00,148,226,42,217,152,54,12,95,5,32,19,14,12,4
2022-08-16 17:00:00.041870-05:00,140,207,28,162,125,42,16,74,6,5,14,20,9,2
2022-08-16 18:00:00.023805-05:00,98,143,27,164,101,36,7,43,12,28,11,14,10,5
2022-08-16 19:00:00.023674-05:00,83,129,53,206,85,30,7,47,5,11,9,26,12,2
2022-08-16 20:00:00.024435-05:00,77,166,30,230,102,52,4,58,5,9,8,44,10,1
2022-08-16 21:00:00.023398-05:00,70,217,26,181,95,22,6,37,3,12,7,28,6,3
2022-08-16 22:00:00.023745-05:00,58,106,17,114,70,24,5,33,8,13,9,18,11,4
2022-08-16 23:00:00.000575-05:00,58,84,10,122,47,15,2,22,2,10,8,19,3,3
2022-08-17 00:00:00.023487-05:00,43,98,19,116,55,27,4,22,2,5,10,10,4,1
2022-08-17 01:00:00.024946-05:00,45,82,14,95,55,9,5,20,6,6,9,7,6,6
2022-08-17 02:00:00.024174-05:00,37,51,10,51,44,6,2,15,2,4,3,7,0,1
2022-08-17 03:00:00.024891-05:00,47,104,33,133,91,28,1,52,4,14,24,23,9,1
2022-08-17 04:00:00.046301-05:00,41,75,12,84,44,10,2,21,2,7,18,12,6,3
2022-08-17 05:00:00.003107-05:00,81,106,45,140,106,16,7,23,7,14,8,12,10,1
2022-08-17 06:00:00.024471-05:00,106,168,39,158,127,50,7,63,6,22,13,32,6,8
2022-08-17 07:00:00.071434-05:00,138,228,24,182,135,46,11,65,6,11,7,19,12,5
2022-08-17 08:00:00.000780-05:00,221,345,43,347,314,107,21,140,13,30,20,36,21,3
2022-08-17 10:00:00.000095-05:00,242,342,100,415,381,102,17,158,12,45,27,69,26,7
2022-08-17 11:00:00.000030-05:00,186,505,92,401,390,71,33,146,12,41,26,49,13,1
2022-08-17 12:00:00.003791-05:00,207,402,52,351,423,65,92,69,6,25,16,21,26,5
2022-08-17 13:00:00.007337-05:00,248,466,76,572,502,90,91,126,12,51,18,33,24,4
2022-08-17 14:00:00.000050-05:00,137,344,65,399,359,88,9,113,13,26,17,34,25,6
2022-08-17 17:00:00.050465-05:00,129,184,28,230,193,35,6,58,3,21,7,30,13,5
2022-08-17 19:00:00.048797-05:00,87,186,17,176,121,33,7,45,4,6,6,8,8,2
2022-08-17 21:00:00.113354-05:00,85,134,19,127,102,28,15,26,10,16,11,14,11,3
2022-08-17 22:00:00.000033-05:00,63,111,19,125,80,25,4,22,7,22,13,19,7,0
2022-08-17 23:00:00.095144-05:00,63,97,11,98,67,18,3,19,5,16,10,6,6,0
2022-08-18 01:00:00.028872-05:00,46,55,18,80,56,7,8,14,4,9,6,15,6,1
2022-08-18 02:00:00.000022-05:00,48,93,11,91,56,9,0,17,3,4,4,4,4,1
2022-08-18 03:00:00.028837-05:00,51,132,24,118,60,20,3,20,1,18,9,8,5,0
2022-08-18 04:00:00.027930-05:00,37,85,20,94,57,8,1,16,1,12,8,6,5,2
2022-08-18 05:00:00.025817-05:00,66,104,28,124,95,16,6,26,5,9,12,7,7,2
2022-08-18 06:00:00.025060-05:00,86,185,53,238,187,30,8,63,5,15,14,26,13,7
2022-08-18 07:00:00.025290-05:00,105,204,70,280,205,57,13,102,7,20,10,27,20,5
2022-08-18 09:00:00.016904-05:00,215,524,65,422,279,125,37,129,12,27,21,40,65,9
2022-08-18 10:00:00.016314-05:00,193,457,89,376,248,179,45,117,20,43,26,36,32,9
2022-08-18 11:00:00.001142-05:00,187,421,71,324,215,115,24,77,7,24,12,46,25,9
2022-08-18 12:00:00.016944-05:00,125,355,53,296,205,87,17,123,12,37,24,32,28,16
2022-08-18 13:00:00.054277-05:00,147,382,58,367,228,86,18,120,4,22,35,35,23,16
2022-08-18 14:00:00.014982-05:00,127,371,58,312,223,70,19,93,12,37,19,63,26,9
2022-08-18 15:00:00.079497-05:00,374,500,44,240,170,76,14,82,33,23,22,31,26,7
2022-08-18 16:00:00.010186-05:00,311,332,35,174,153,56,8,65,13,19,22,25,21,5
2022-08-18 17:00:00.019825-05:00,270,314,40,196,139,60,7,46,16,25,13,33,17,1
2022-08-18 18:00:00.003027-05:00,170,204,29,160,130,36,5,46,7,22,12,24,19,7
2022-08-18 20:00:00.024744-05:00,145,176,34,216,146,52,9,62,1,24,17,30,24,3
2022-08-18 21:00:00.024931-05:00,105,156,38,127,136,36,8,49,2,18,19,24,16,2
2022-08-18 22:00:00.025823-05:00,75,108,24,85,59,25,4,23,5,10,8,14,11,3
2022-08-18 23:00:00.024292-05:00,83,131,20,108,52,18,2,13,2,8,7,11,6,1
2022-08-19 00:00:00.025060-05:00,46,83,17,58,34,13,1,7,5,7,3,8,3,0
2022-08-19 01:00:00.026384-05:00,49,66,13,56,46,9,4,20,5,4,3,12,6,4
2022-08-19 02:00:00.025116-05:00,50,67,22,87,70,31,9,34,9,19,15,15,6,6
2022-08-19 03:00:00.024523-05:00,55,82,21,76,56,14,7,20,2,9,3,4,4,0
2022-08-19 04:00:00.026082-05:00,74,94,21,84,62,14,6,29,7,7,5,6,4,2
2022-08-19 05:01:31.250475-05:00,65,142,44,98,98,21,7,31,5,8,7,10,5,5
2022-08-19 06:00:00.003599-05:00,132,225,47,183,147,39,14,71,4,13,4,21,7,2
2022-08-19 07:00:48.587092-05:00,174,356,40,186,138,46,16,56,18,12,7,16,16,2
2022-08-19 08:00:00.073133-05:00,241,518,51,327,239,75,28,124,13,25,16,16,26,5
2022-08-19 09:00:00.072140-05:00,203,374,69,433,307,111,23,103,16,34,28,32,34,20
2022-08-19 10:00:00.000105-05:00,205,400,65,433,259,99,16,116,17,44,17,20,25,26
2022-08-19 11:00:00.114936-05:00,181,350,69,380,203,86,17,102,15,44,16,29,24,9
2022-08-19 12:00:00.023216-05:00,151,365,62,347,226,126,27,99,14,45,19,27,25,4
2022-08-19 13:00:00.026111-05:00,189,361,51,332,172,116,21,81,14,35,7,24,18,9
2022-08-19 14:00:00.046596-05:00,166,392,52,318,212,71,12,85,16,24,13,28,17,15
2022-08-19 15:00:00.001051-05:00,132,393,48,237,173,83,11,91,9,27,10,34,24,6
2022-08-19 16:00:00.058427-05:00,99,223,31,172,150,43,19,66,6,15,8,28,19,1
2022-08-19 17:00:00.002389-05:00,78,159,15,143,105,50,13,47,3,11,12,14,15,1
2022-08-19 18:00:00.007665-05:00,57,157,14,98,75,28,8,27,2,12,9,18,11,0
2022-08-19 19:00:00.007234-05:00,50,130,22,98,68,20,5,30,7,16,9,20,5,1
2022-08-19 20:00:00.040408-05:00,36,111,13,87,63,25,3,25,2,12,5,9,5,1
2022-08-19 22:00:00.002810-05:00,38,105,16,83,63,13,3,29,2,9,3,11,5,2
2022-08-19 23:00:00.016985-05:00,47,92,19,73,60,18,15,25,4,16,7,10,4,1
2022-08-20 00:00:00.001953-05:00,33,89,33,99,97,33,7,46,3,14,9,18,7,6
2022-08-20 01:00:00.030047-05:00,44,57,30,65,54,16,3,26,5,9,7,13,8,5
2022-08-20 02:00:00.029384-05:00,11,38,10,38,33,10,4,18,2,4,1,3,4,0
2022-08-20 03:00:00.029911-05:00,21,50,8,45,27,9,2,14,4,6,3,5,1,3
2022-08-20 04:00:00.029242-05:00,14,70,13,56,20,2,2,7,1,1,3,6,1,0
2022-08-20 05:00:00.030365-05:00,34,45,8,40,39,6,3,10,3,8,4,6,4,2
2022-08-20 06:00:00.079607-05:00,36,65,29,50,45,26,5,19,3,9,3,4,4,3
2022-08-20 07:00:00.029254-05:00,44,111,18,75,53,18,5,23,7,5,3,19,6,2
2022-08-20 08:00:00.000022-05:00,41,149,21,118,61,14,0,27,3,10,3,14,1,3
2022-08-20 09:00:00.013480-05:00,61,147,43,115,67,38,10,31,2,29,9,13,8,4
2022-08-20 10:00:00.030240-05:00,48,136,38,141,81,41,10,44,3,19,8,12,5,2
2022-08-20 11:00:00.090314-05:00,51,122,23,121,83,31,11,32,8,15,7,11,8,5
2022-08-20 12:00:00.037225-05:00,48,210,28,144,71,31,9,36,6,15,6,18,2,2
2022-08-20 13:00:00.020299-05:00,66,193,41,178,118,33,9,55,5,15,6,29,8,4
2022-08-20 14:00:00.012564-05:00,86,184,65,187,179,54,12,105,5,22,23,37,25,6
2022-08-20 16:00:00.009311-05:00,29,127,16,103,72,26,7,43,4,14,8,23,10,2
2022-08-20 17:00:00.009489-05:00,29,135,13,75,48,10,6,9,3,7,1,4,3,2
2022-08-20 18:00:00.008990-05:00,27,140,11,93,43,12,4,17,2,8,5,9,1,0
2022-08-20 19:00:00.009026-05:00,36,109,15,65,31,13,2,13,2,5,4,6,8,2
2022-08-20 20:00:00.058744-05:00,29,114,10,85,29,12,3,9,1,2,2,7,3,0
2022-08-20 21:00:00.022413-05:00,32,91,19,83,56,24,0,10,1,9,2,7,4,1
2022-08-20 22:00:00.009142-05:00,24,71,14,62,40,18,5,14,1,4,3,8,6,2
2022-08-20 23:00:00.008606-05:00,22,52,7,56,35,10,1,8,6,6,5,8,4,4
2022-08-21 00:00:00.019669-05:00,22,59,16,65,46,20,1,15,8,10,4,15,1,4
2022-08-21 01:00:00.020313-05:00,37,58,23,122,79,19,8,25,2,9,4,24,6,2
2022-08-21 02:00:00.021174-05:00,29,53,38,113,99,39,10,52,4,10,16,23,13,1
2022-08-21 03:00:00.020611-05:00,22,38,22,85,58,20,3,32,2,11,10,21,6,2
2022-08-21 04:00:00.019925-05:00,10,29,8,39,25,6,4,2,0,6,3,2,3,2
2022-08-21 05:00:00.022175-05:00,25,44,12,63,31,7,4,17,0,7,2,6,3,1
2022-08-21 06:00:00.000077-05:00,40,74,21,85,57,22,5,29,2,10,4,8,4,5
2022-08-21 08:00:00.018216-05:00,46,96,38,142,81,34,2,49,3,13,5,21,2,4
2022-08-21 09:00:00.002235-05:00,47,117,31,167,93,34,7,33,5,11,9,11,6,3
2022-08-21 10:00:00.002094-05:00,69,182,42,208,100,41,13,36,9,23,6,20,13,3
2022-08-21 11:00:00.000015-05:00,74,213,51,275,139,60,8,73,3,25,18,40,16,4
2022-08-21 12:00:00.031410-05:00,49,173,34,179,111,42,3,47,6,19,14,24,16,5
2022-08-21 13:00:00.004446-05:00,72,223,59,244,182,55,7,89,2,21,19,35,19,2
2022-08-21 14:00:00.000570-05:00,58,172,53,221,150,61,5,77,8,32,17,28,20,1
2022-08-21 15:00:00.024653-05:00,48,184,26,118,79,26,0,27,4,16,7,6,7,3
2022-08-21 16:00:00.057909-05:00,29,162,18,119,81,43,1,37,3,13,5,9,8,3
2022-08-21 18:00:00.055666-05:00,41,169,22,140,65,46,1,58,0,8,10,7,6,1
2022-08-21 19:00:00.005246-05:00,40,191,18,164,87,35,5,37,5,4,4,9,8,1
2022-08-21 20:00:00.004974-05:00,38,182,18,156,84,27,7,39,3,8,5,6,10,6
2022-08-21 21:00:00.006279-05:00,44,151,19,100,75,39,6,31,2,8,4,13,8,1
2022-08-21 22:00:00.005352-05:00,28,107,23,117,65,29,6,31,3,14,2,12,6,2
2022-08-21 23:00:00.005563-05:00,42,143,23,155,79,30,11,19,1,16,4,9,5,3
2022-08-22 00:00:00.005845-05:00,57,164,59,173,119,52,16,67,12,32,23,35,12,5
2022-08-22 01:00:00.005653-05:00,52,178,34,107,70,27,4,37,5,12,13,15,7,6
2022-08-22 02:00:00.006072-05:00,41,109,29,122,66,29,1,47,5,11,4,11,6,3
2022-08-22 03:00:00.005623-05:00,58,392,30,89,55,28,4,24,4,5,9,7,3,3
2022-08-22 04:00:00.055794-05:00,46,349,40,107,49,38,6,32,9,10,9,9,7,2
2022-08-22 05:00:00.005766-05:00,69,563,47,138,103,33,7,44,4,14,5,16,7,3
2022-08-22 06:00:00.005796-05:00,104,758,63,200,182,66,14,98,12,24,16,25,17,6
2022-08-22 07:00:00.007444-05:00,120,920,51,210,148,62,8,73,13,19,12,16,14,6
2022-08-22 08:00:00.014274-05:00,212,910,72,442,304,97,11,169,13,59,22,28,25,6
2022-08-22 09:00:00.219987-05:00,226,974,64,493,290,130,14,185,19,43,38,50,22,4
2022-08-22 10:00:00.000163-05:00,168,983,83,354,233,103,19,158,10,43,19,25,54,16
2022-08-22 12:00:00.059457-05:00,135,878,91,435,315,116,17,193,10,41,34,77,33,8
2022-08-22 13:00:00.012823-05:00,148,737,101,385,273,95,10,143,16,46,39,138,35,6
2022-08-22 14:00:00.001830-05:00,130,913,66,362,264,75,13,126,7,35,33,79,24,11
2022-08-22 15:00:00.000020-05:00,127,666,56,297,220,95,9,122,9,34,23,69,28,13
2022-08-22 16:00:00.000025-05:00,93,519,57,286,200,81,6,107,7,36,28,61,30,4
2022-08-22 17:00:00.002376-05:00,69,387,28,163,105,56,3,66,4,22,15,26,9,3
2022-08-22 18:00:00.010624-05:00,61,378,28,150,115,45,2,62,4,10,11,27,10,1
2022-08-22 19:00:00.000038-05:00,44,338,22,135,99,38,3,38,3,14,5,15,15,4
2022-08-22 20:00:00.010446-05:00,47,286,30,145,110,48,7,37,4,10,17,20,20,7
2022-08-22 21:00:00.025397-05:00,50,251,26,115,78,34,11,49,3,14,10,24,15,6
2022-08-23 01:00:00.268076-05:00,64,215,30,117,75,33,15,31,8,28,13,21,7,7
2022-08-23 02:00:00.052127-05:00,47,136,35,111,70,23,4,39,2,16,6,12,7,2
2022-08-23 03:00:00.000006-05:00,48,124,39,125,99,26,3,51,2,13,8,34,10,3
2022-08-23 04:00:00.000026-05:00,54,134,37,156,122,47,3,82,6,12,16,25,19,2
2022-08-23 05:00:00.003572-05:00,40,161,21,109,69,32,8,27,1,9,8,33,5,4
2022-08-23 06:00:00.028954-05:00,44,263,38,177,102,46,10,41,2,11,7,59,15,2
2022-08-23 07:00:00.027428-05:00,153,494,53,264,149,66,10,69,6,20,5,144,25,12
2022-08-23 08:00:00.027007-05:00,158,636,107,402,252,102,11,156,6,61,18,165,82,9
2022-08-23 09:00:00.000016-05:00,142,736,106,471,232,113,17,140,14,47,30,166,76,25
2022-08-23 10:00:00.009688-05:00,175,586,104,395,243,127,22,156,2,58,21,155,53,13
2022-08-23 11:00:00.009580-05:00,121,627,76,362,181,72,22,97,7,34,10,144,39,10
2022-08-23 12:00:00.002042-05:00,105,701,66,410,185,89,9,109,6,50,12,133,37,11
2022-08-23 13:00:00.003994-05:00,99,621,55,378,143,51,17,94,7,25,8,131,26,6
2022-08-23 14:00:00.044132-05:00,79,543,50,325,137,64,6,80,6,24,11,122,40,3
2022-08-23 15:00:00.005606-05:00,89,509,44,257,143,66,5,77,9,40,16,104,38,7
2022-08-23 16:00:00.003185-05:00,60,422,39,171,93,49,2,84,8,15,13,69,32,6
2022-08-23 17:00:00.006213-05:00,77,339,42,173,103,51,2,67,6,22,12,58,36,8
2022-08-23 18:00:00.008216-05:00,65,255,24,142,93,52,5,52,2,18,7,59,24,2
2022-08-23 19:00:00.006683-05:00,62,206,20,138,74,79,2,47,0,30,9,41,19,2
2022-08-23 20:00:00.006581-05:00,47,392,27,258,72,77,4,26,5,17,8,28,16,4
2022-08-23 21:00:00.056100-05:00,68,343,64,286,125,87,10,71,8,41,19,54,24,3
2022-08-23 22:00:00.012893-05:00,57,220,36,164,78,65,12,57,6,28,6,36,15,2
2022-08-23 23:00:00.056757-05:00,29,121,19,105,36,20,2,15,3,23,3,27,10,3
2022-08-24 00:00:00.000759-05:00,38,93,26,96,52,32,8,26,0,17,6,17,15,1
2022-08-24 01:00:00.003968-05:00,32,91,29,76,39,28,4,19,4,10,10,14,5,3
2022-08-24 02:00:00.051060-05:00,18,81,16,50,31,12,0,11,1,4,5,13,9,2
2022-08-24 03:00:00.007250-05:00,32,84,21,76,46,20,0,18,1,5,4,21,15,3
2022-08-24 04:00:00.000598-05:00,28,104,16,80,33,29,7,15,3,3,5,11,9,1
2022-08-24 05:00:00.070307-05:00,46,143,25,114,57,43,3,36,4,11,3,29,13,4
2022-08-24 06:00:00.027162-05:00,79,276,52,225,113,87,8,51,3,43,8,57,25,5
2022-08-24 07:00:00.001534-05:00,96,299,41,256,118,78,7,124,7,33,11,84,16,5
2022-08-24 09:00:00.000007-05:00,164,439,117,567,269,157,17,191,22,48,49,142,33,8
2022-08-24 10:00:00.028560-05:00,172,470,122,521,269,195,48,202,9,21,17,125,44,9
2022-08-24 11:00:00.024374-05:00,181,437,72,485,297,159,22,146,11,39,65,112,33,8
2022-08-24 14:00:00.000012-05:00,93,305,48,381,204,245,28,131,6,46,19,84,25,3
2022-08-24 15:00:00.063829-05:00,102,342,80,492,237,736,17,140,16,22,18,81,44,8
2022-08-24 17:00:00.000025-05:00,129,262,39,230,108,248,2,103,1,19,9,34,16,6
2022-08-24 19:00:00.008176-05:00,60,134,21,182,73,111,25,55,5,32,15,23,8,2
2022-08-24 20:00:00.010178-05:00,50,167,21,190,89,96,21,51,2,29,10,29,9,1
2022-08-24 21:00:00.016575-05:00,50,116,31,146,71,80,17,48,7,37,14,25,14,2
2022-08-24 22:00:00.016978-05:00,47,118,32,143,63,76,11,43,4,23,17,21,9,2
2022-08-25 01:00:00.029034-05:00,41,94,45,168,91,60,4,52,4,15,26,28,17,3
2022-08-25 03:00:00.037343-05:00,33,59,39,183,58,38,1,35,3,9,10,13,5,5
2022-08-25 04:00:00.011553-05:00,16,52,26,127,37,41,2,24,0,33,10,4,5,0
2022-08-25 05:00:00.037642-05:00,33,65,28,151,40,72,2,110,0,8,12,13,10,1
2022-08-25 06:00:00.006362-05:00,46,140,36,298,73,108,8,61,2,12,19,30,6,1
2022-08-25 07:00:00.037093-05:00,70,211,68,453,179,201,13,126,3,52,18,55,32,7
2022-08-25 08:00:00.025929-05:00,101,261,75,767,187,314,14,236,12,41,26,46,28,15
2022-08-25 09:00:00.000002-05:00,149,410,157,769,209,486,31,187,8,28,27,49,38,9
2022-08-25 10:00:00.043742-05:00,142,343,126,671,211,203,31,157,18,47,23,69,25,9
2022-08-25 11:00:00.000001-05:00,151,410,98,498,182,196,40,113,13,37,32,63,19,5
2022-08-25 12:00:00.000088-05:00,188,422,94,440,165,207,30,133,9,44,24,74,24,1
2022-08-25 13:00:00.000039-05:00,135,331,65,426,143,127,31,75,11,37,26,59,14,5
2022-08-25 14:00:00.050032-05:00,143,329,89,447,178,151,22,131,17,56,25,137,19,2
2022-08-25 15:00:00.013263-05:00,116,273,78,414,195,171,12,123,16,28,24,88,26,1
2022-08-25 16:00:00.000322-05:00,70,207,59,348,177,116,15,83,7,32,19,60,22,3
2022-08-25 17:00:00.051570-05:00,73,207,56,245,135,119,12,84,2,29,21,47,20,3
2022-08-25 18:00:00.057143-05:00,37,141,35,162,80,77,10,37,0,16,17,33,11,1
2022-08-25 19:00:00.002591-05:00,51,210,29,206,98,49,9,43,4,14,15,19,12,4
2022-08-25 20:00:00.044648-05:00,45,150,25,171,78,50,10,40,4,18,16,17,5,3
2022-08-25 21:00:00.108696-05:00,39,119,41,160,56,46,12,35,7,31,15,24,11,4
2022-08-25 22:00:00.000032-05:00,42,118,55,169,81,37,7,41,2,15,15,18,10,1
2022-08-26 05:00:00.011151-05:00,35,88,40,105,62,29,5,21,0,6,8,10,9,2
2022-08-26 06:00:00.011943-05:00,47,152,52,168,87,71,20,121,3,41,6,10,8,4
2022-08-26 07:00:00.011669-05:00,88,187,173,199,112,60,13,193,1,21,12,19,12,2
2022-08-26 08:00:00.011888-05:00,124,273,162,361,182,125,32,170,10,29,31,46,20,9
2022-08-26 09:00:00.012209-05:00,164,340,130,553,264,176,33,141,6,69,43,45,28,9
2022-08-26 10:00:00.064816-05:00,119,343,142,463,241,172,25,149,14,57,19,33,23,2
2022-08-26 11:00:00.011547-05:00,130,340,82,472,221,188,19,169,18,36,16,41,11,4
2022-08-26 12:00:00.012161-05:00,98,263,96,324,326,175,12,129,6,41,8,49,17,7
2022-08-26 13:00:00.000707-05:00,111,278,76,312,217,127,21,108,9,40,15,47,16,2
2022-08-26 14:00:00.061838-05:00,83,325,68,345,218,115,14,132,3,27,18,38,14,6
2022-08-26 15:00:00.021368-05:00,92,203,56,339,223,155,15,111,9,48,25,30,18,8
2022-08-26 17:00:00.009406-05:00,71,157,61,216,154,98,7,91,1,40,17,28,13,4
2022-08-26 18:00:00.010209-05:00,46,127,30,166,111,48,4,53,1,14,4,21,12,2
2022-08-26 19:00:00.000461-05:00,44,112,31,118,81,32,8,39,3,15,10,22,13,4
2022-08-26 20:00:00.020023-05:00,36,117,28,140,86,32,5,50,5,32,7,21,18,3
2022-08-26 21:00:00.003797-05:00,35,101,14,82,54,14,1,22,1,38,3,4,6,4
2022-08-26 22:00:00.000021-05:00,22,80,13,69,48,24,3,25,0,8,3,8,7,2
2022-08-26 23:00:00.000007-05:00,24,65,5,50,26,15,5,21,1,8,3,9,8,3
2022-08-27 00:00:00.059893-05:00,17,46,17,64,35,15,1,11,1,8,1,5,2,0
2022-08-27 01:00:00.011453-05:00,22,40,16,57,35,18,1,11,1,7,0,10,3,0
2022-08-27 02:00:00.011363-05:00,16,41,12,76,41,23,2,18,3,2,4,11,1,4
2022-08-27 03:00:00.009744-05:00,16,27,14,45,29,8,2,11,1,4,3,3,4,3
2022-08-27 04:00:00.009629-05:00,21,41,13,28,30,12,1,8,0,21,6,1,3,0
2022-08-27 10:00:00.013515-05:00,31,104,20,107,61,20,4,46,3,42,10,4,3,0
2022-08-27 11:00:00.004694-05:00,46,108,31,109,52,15,6,27,3,21,5,15,5,2
2022-08-27 12:00:00.000170-05:00,34,129,38,123,74,32,5,37,4,20,6,18,4,3
2022-08-27 13:00:00.005180-05:00,43,117,32,85,61,16,3,22,2,33,2,13,7,3
2022-08-27 14:00:00.000813-05:00,37,103,33,97,51,11,8,28,1,40,4,9,4,0
2022-08-27 15:00:00.002261-05:00,27,86,11,78,48,13,0,26,0,11,3,8,7,3
2022-08-27 16:00:00.008808-05:00,32,90,11,93,56,25,4,24,3,6,1,6,3,2
2022-08-27 17:00:00.029002-05:00,24,70,15,62,41,14,1,10,2,8,1,13,3,0
2022-08-27 18:00:00.000430-05:00,28,83,13,93,41,6,0,9,2,5,2,6,4,1
2022-08-27 19:00:00.000185-05:00,30,99,16,114,45,16,1,14,5,22,3,8,4,0
2022-08-27 20:00:00.001535-05:00,19,110,6,79,33,11,3,15,1,19,3,8,4,2
2022-08-27 21:00:00.002523-05:00,27,81,15,77,37,16,3,15,2,12,4,7,1,1
2022-08-27 22:00:00.002139-05:00,23,71,17,70,39,12,11,15,3,27,2,6,7,3
2022-08-27 23:00:00.001807-05:00,33,92,9,74,38,9,5,14,1,11,2,7,5,5
2022-08-28 00:00:00.004955-05:00,31,52,23,61,54,18,7,24,1,7,8,14,6,1
2022-08-28 01:00:00.004403-05:00,34,37,27,83,70,22,4,40,2,17,18,32,8,2
2022-08-28 02:00:00.011090-05:00,19,31,22,66,35,12,3,17,1,8,3,4,4,2
2022-08-28 03:00:00.013659-05:00,20,31,26,79,72,35,3,34,2,7,7,20,9,1
2022-08-28 04:00:00.014225-05:00,29,57,17,70,56,16,3,18,1,3,6,7,5,0
2022-08-28 05:00:00.015180-05:00,26,40,20,60,46,13,2,22,1,34,3,4,8,2
2022-08-28 06:00:00.007112-05:00,29,69,20,70,42,19,8,17,1,28,3,6,5,0
2022-08-28 07:00:00.000039-05:00,21,60,16,77,48,22,3,29,3,9,7,11,7,2
2022-08-28 08:00:00.133091-05:00,47,121,43,167,102,53,4,66,7,48,18,14,9,3
2022-08-28 09:00:00.000632-05:00,36,124,34,130,87,33,11,33,4,16,8,13,19,6
2022-08-28 10:00:00.019678-05:00,47,131,45,222,117,41,10,58,1,42,8,28,12,0
2022-08-28 11:00:00.003968-05:00,74,192,67,267,173,53,7,96,2,28,23,33,26,3
2022-08-28 12:00:00.030074-05:00,56,137,68,205,162,67,2,100,5,52,23,40,20,2
2022-08-28 14:00:00.079195-05:00,47,119,24,136,92,27,2,49,4,23,9,13,6,3
2022-08-28 15:00:00.026721-05:00,37,145,40,145,96,32,4,51,1,19,8,11,12,0
2022-08-28 16:00:00.001503-05:00,34,130,26,115,75,25,2,44,1,5,7,17,9,1
2022-08-28 17:00:00.065183-05:00,49,179,32,165,102,44,3,57,0,14,6,10,9,0
2022-08-28 18:00:00.000112-05:00,40,121,25,124,78,29,2,39,4,12,3,10,10,3
2022-08-28 19:00:00.028247-05:00,45,135,27,153,88,34,8,55,4,34,6,10,10,1
2022-08-28 20:00:00.047357-05:00,47,129,31,148,90,30,10,44,0,13,14,18,12,2
2022-08-28 21:00:00.102140-05:00,50,104,36,116,72,28,11,28,4,36,6,16,8,3
2022-08-29 01:00:00.000059-05:00,31,63,19,85,46,18,6,23,0,9,5,9,4,2
2022-08-29 02:00:00.026454-05:00,22,42,18,58,37,16,2,18,3,6,6,6,7,4
2022-08-29 05:00:00.020702-05:00,43,64,12,116,49,20,3,21,2,7,6,4,6,3
2022-08-29 06:00:00.000860-05:00,50,131,24,163,80,35,5,33,3,25,6,12,12,2
2022-08-29 07:00:00.000020-05:00,75,147,56,273,204,47,5,88,10,43,16,18,16,3
2022-08-29 08:00:00.000063-05:00,102,289,91,424,245,106,18,115,10,32,9,20,57,9
2022-08-29 09:00:00.021498-05:00,113,376,93,403,280,116,17,109,8,54,14,15,73,12
2022-08-29 10:00:00.015039-05:00,100,345,85,381,316,109,8,109,5,25,11,66,60,11
2022-08-29 11:00:00.005520-05:00,131,300,112,455,339,132,20,127,10,39,13,73,55,12
2022-08-29 12:00:00.000098-05:00,136,395,97,427,291,94,18,107,5,30,13,49,47,7
